_time,_measurement,host,location,room,accel_x,accel_y,accel_z,gyro_x,gyro_y,gyro_z,humidity,is_moving,light,mic,temperature
2025-11-22T00:32:36.084Z,corso_IoT,ESP_LEOPIZZI,Lecce,Stanza,-0.0878947368421052,0.1173684210526316,0.946315789473684,9.357894736842104,-4.573684210526315,-1.4484210526315788,78.57368421052634,50.0,0.0,33.0,18.910526315789472
2025-11-22T00:33:35.751Z,corso_IoT,ESP_LEOPIZZI,Lecce,Stanza,-0.0856521739130434,0.1184782608695652,0.947608695652174,9.54217391304348,-4.413913043478261,-1.4830434782608697,77.78260869565216,50.0,0.0,28.67391304347826,19.106521739130457
2025-11-22T00:34:35.418Z,corso_IoT,ESP_LEOPIZZI,Lecce,Stanza,-0.08,0.1197142857142857,0.9488571428571428,9.338,-4.595999999999999,-1.5105714285714285,76.94571428571426,50.0,0.0,21.62857142857143,19.28285714285714
2025-11-22T00:35:35.085Z,corso_IoT,ESP_LEOPIZZI,Lecce,Stanza,-0.0791044776119403,0.1202985074626866,0.9482089552238808,9.369253731343282,-4.549701492537315,-1.4104477611940294,76.38656716417908,50.0,0.0,25.94029850746269,19.39104477611941
2025-11-22T00:36:34.752Z,corso_IoT,ESP_LEOPIZZI,Lecce,Stanza,-0.08,0.1204166666666667,0.9479166666666664,9.399999999999997,-4.588333333333332,-1.4525000000000003,75.99583333333332,50.0,0.0,32.875,19.45833333333333
2025-11-22T00:37:34.419Z,corso_IoT,ESP_LEOPIZZI,Lecce,Stanza,-0.0793939393939394,0.12,0.9481818181818178,9.44848484848485,-4.513333333333334,-1.4912121212121214,75.6090909090909,50.0,0.0,22.696969696969692,19.5
2025-11-22T00:38:34.086Z,corso_IoT,ESP_LEOPIZZI,Lecce,Stanza,-0.0796,0.1208,0.9478000000000004,9.3906,-4.559,-1.4594000000000005,75.20199999999996,50.0,0.0,23.3,19.592000000000013
2025-11-22T00:39:33.753Z,corso_IoT,ESP_LEOPIZZI,Lecce,Stanza,-0.0797916666666667,0.1208333333333334,0.9479166666666672,9.403541666666667,-4.602708333333333,-1.4354166666666666,74.97500000000002,50.0,0.0,25.4375,19.610416666666683
2025-11-22T00:40:33.42Z,corso_IoT,ESP_LEOPIZZI,Lecce,Stanza,-0.0793181818181818,0.1195454545454546,0.9461363636363636,9.409999999999998,-4.620909090909091,-1.4495454545454545,74.81590909090913,50.0,0.0,27.113636363636363,19.700000000000014
2025-11-22T00:41:33.087Z,corso_IoT,ESP_LEOPIZZI,Lecce,Stanza,-0.08,0.1205454545454546,0.9480000000000006,9.386545454545455,-4.601818181818182,-1.4498181818181817,74.61454545454541,50.0,0.0,24.10909090909091,19.70000000000002
2025-11-22T00:42:32.754Z,corso_IoT,ESP_LEOPIZZI,Lecce,Stanza,-0.0790196078431372,0.1211764705882353,0.9480392156862748,9.390588235294118,-4.572549019607844,-1.4711764705882353,74.4098039215687,50.0,0.0,25.94117647058824,19.790196078431357
2025-11-22T00:43:32.421Z,corso_IoT,ESP_LEOPIZZI,Lecce,Stanza,-0.08,0.1207272727272728,0.9467272727272732,9.374363636363636,-4.586545454545455,-1.4709090909090907,74.30909090909093,50.0,0.0,20.545454545454547,19.79999999999998
2025-11-22T00:44:32.088Z,corso_IoT,ESP_LEOPIZZI,Lecce,Stanza,-0.0790909090909091,0.1209090909090909,0.9468181818181818,9.36590909090909,-4.558636363636364,-1.4577272727272723,74.17727272727272,50.0,0.0,28.59090909090909,19.800000000000008
2025-11-22T00:45:31.755Z,corso_IoT,ESP_LEOPIZZI,Lecce,Stanza,-0.0793939393939394,0.1206060606060606,0.947272727272727,9.333636363636362,-4.626363636363637,-1.4769696969696968,74.11818181818177,50.0,0.0,23.818181818181817,19.8
2025-11-22T00:46:31.422Z,corso_IoT,ESP_LEOPIZZI,Lecce,Stanza,-0.08,0.1215254237288136,0.946440677966102,9.387796610169492,-4.60542372881356,-1.4847457627118648,73.94067796610175,50.0,0.0,26.135593220338983,19.79999999999998
2025-11-22T00:47:31.089Z,corso_IoT,ESP_LEOPIZZI,Lecce,Stanza,-0.0798076923076923,0.1215384615384616,0.9448076923076922,9.345,-4.592115384615384,-1.4444230769230768,73.86538461538471,50.0,0.0,25.884615384615383,19.88269230769229
2025-11-22T00:48:30.756Z,corso_IoT,ESP_LEOPIZZI,Lecce,Stanza,-0.0797826086956522,0.121304347826087,0.945,9.385434782608694,-4.588478260869565,-1.490652173913043,73.79565217391308,50.0,0.0,20.26086956521739,19.899999999999984
2025-11-22T00:49:30.423Z,corso_IoT,ESP_LEOPIZZI,Lecce,Stanza,-0.08,0.1207894736842106,0.944473684210526,9.408947368421057,-4.64078947368421,-1.5076315789473689,73.7210526315789,50.0,0.0,23.473684210526315,19.899999999999988
2025-11-22T00:50:30.09Z,corso_IoT,ESP_LEOPIZZI,Lecce,Stanza,-0.0797560975609756,0.1217073170731707,0.9456097560975614,9.37658536585366,-4.624878048780486,-1.5360975609756098,73.61707317073166,50.0,0.0,25.60975609756097,19.899999999999984
2025-11-22T00:51:29.757Z,corso_IoT,ESP_LEOPIZZI,Lecce,Stanza,-0.0802941176470588,0.1202941176470589,0.9455882352941176,9.396176470588232,-4.584705882352942,-1.5041176470588238,73.59999999999995,50.0,0.0,23.764705882352946,19.899999999999988
2025-11-22T00:52:29.424Z,corso_IoT,ESP_LEOPIZZI,Lecce,Stanza,-0.08,0.1216666666666667,0.9455555555555556,9.390555555555558,-4.649074074074075,-1.5062962962962958,73.59629629629623,50.0,0.0,22.666666666666668,19.98703703703704
2025-11-22T00:53:29.091Z,corso_IoT,ESP_LEOPIZZI,Lecce,Stanza,-0.08,0.1211538461538462,0.9451923076923076,9.39846153846154,-4.615576923076923,-1.5215384615384622,73.50384615384615,50.0,0.0,24.557692307692307,20.0
2025-11-22T00:54:28.758Z,corso_IoT,ESP_LEOPIZZI,Lecce,Stanza,-0.0798181818181818,0.1216363636363637,0.9447272727272726,9.370909090909093,-4.648000000000001,-1.4954545454545451,73.44363636363641,50.0,0.0,21.327272727272728,20.0
2025-11-22T00:55:28.425Z,corso_IoT,ESP_LEOPIZZI,Lecce,Stanza,-0.0804761904761905,0.120952380952381,0.945,9.40738095238095,-4.620000000000001,-1.4761904761904765,73.33809523809525,50.0,0.0,20.11904761904762,20.0
2025-11-22T00:56:28.092Z,corso_IoT,ESP_LEOPIZZI,Lecce,Stanza,-0.0803333333333333,0.1226666666666667,0.9449999999999998,9.380833333333332,-4.632500000000002,-1.4923333333333335,73.36500000000011,50.0,0.0,25.7,20.0
2025-11-22T00:57:27.759Z,corso_IoT,ESP_LEOPIZZI,Lecce,Stanza,-0.0801492537313433,0.1222388059701492,0.9440298507462688,9.37537313432836,-4.617014925373134,-1.4814925373134331,73.22388059701483,50.0,0.0,20.402985074626866,20.0
2025-11-22T00:58:27.426Z,corso_IoT,ESP_LEOPIZZI,Lecce,Stanza,-0.0802702702702703,0.1221621621621622,0.9448648648648648,9.382432432432433,-4.658108108108107,-1.5037837837837833,73.20810810810812,50.0,0.0,26.54054054054054,20.0
2025-11-22T00:59:27.093Z,corso_IoT,ESP_LEOPIZZI,Lecce,Stanza,0.0,0.0,1.0007142857142857,-0.0397142857142857,0.0322857142857142,-0.0174285714285714,73.16142857142857,0.0,0.0,15.32857142857143,20.03857142857142
2025-11-22T01:00:26.76Z,corso_IoT,ESP_LEOPIZZI,Lecce,Stanza,0.0,0.0,1.0005128205128206,-0.0343589743589743,0.0248717948717948,0.0346153846153846,73.0025641025641,0.0,0.0,17.102564102564102,20.05641025641026
2025-11-22T01:01:26.427Z,corso_IoT,ESP_LEOPIZZI,Lecce,Stanza,-0.0003999999999999,-0.0001333333333333,1.0,-0.0278666666666666,0.0425333333333333,0.0192,72.92133333333328,0.0,0.0,17.44,20.07999999999998
2025-11-22T01:02:26.094Z,corso_IoT,ESP_LEOPIZZI,Lecce,Stanza,-0.0005172413793103,-0.0001724137931034,1.0,-0.0618965517241379,0.0013793103448275,0.0412068965517241,72.90000000000005,0.0,0.0,18.82758620689655,20.1
2025-11-22T01:03:25.761Z,corso_IoT,ESP_LEOPIZZI,Lecce,Stanza,-0.0003030303030303,-0.0003030303030303,1.0012121212121212,-0.0903030303030303,-0.0075757575757575,-0.0136363636363636,72.90000000000003,0.0,0.0,29.060606060606062,20.10000000000001
2025-11-22T01:04:25.428Z,corso_IoT,ESP_LEOPIZZI,Lecce,Stanza,-0.0005555555555555,0.0,1.0005555555555554,-0.0424074074074074,0.0316666666666666,0.0055555555555555,72.81111111111119,0.0,0.0,19.51851851851852,20.10000000000001
2025-11-22T01:05:25.095Z,corso_IoT,ESP_LEOPIZZI,Lecce,Stanza,-0.0004878048780487,0.0,1.0009756097560976,-0.0324390243902439,-0.0153658536585365,0.0065853658536585,72.80000000000004,0.0,0.0,22.82926829268293,20.100000000000016
2025-11-22T01:06:24.762Z,corso_IoT,ESP_LEOPIZZI,Lecce,Stanza,-0.0002,0.0,0.9998,-0.071,0.0602,0.014,72.79200000000003,0.0,0.0,16.82,20.100000000000016
2025-11-22T01:07:24.429Z,corso_IoT,ESP_LEOPIZZI,Lecce,Stanza,-0.0002941176470588,0.0,0.9998529411764704,-0.0398529411764705,-0.0236764705882352,0.0070588235294117,72.65147058823533,0.0,0.0,19.764705882352946,20.09999999999999
2025-11-22T01:08:24.096Z,corso_IoT,ESP_LEOPIZZI,Lecce,Stanza,-0.0005,0.0,0.9991666666666666,0.0239999999999999,0.0158333333333333,0.024,72.64833333333324,0.0,0.0,22.75,20.1
2025-11-22T01:09:23.763Z,corso_IoT,ESP_LEOPIZZI,Lecce,Stanza,-0.0009302325581395,-0.0004651162790697,0.9990697674418604,-0.0348837209302325,0.0762790697674418,-0.0027906976744186,72.68837209302322,0.0,0.0,28.976744186046517,20.100000000000016
2025-11-22T01:10:23.43Z,corso_IoT,ESP_LEOPIZZI,Lecce,Stanza,0.0,0.0,0.9988732394366198,-0.0428169014084507,0.0264788732394366,-0.0039436619718309,72.61267605633806,0.0,0.0,21.098591549295776,20.099999999999987
2025-11-22T01:11:23.097Z,corso_IoT,ESP_LEOPIZZI,Lecce,Stanza,-0.0004285714285714,0.0001428571428571,0.998285714285714,-0.03,-0.0022857142857142,-0.0147142857142857,72.67285714285718,0.0,0.0,18.785714285714285,20.099999999999987
2025-11-22T01:12:22.764Z,corso_IoT,ESP_LEOPIZZI,Lecce,Stanza,-0.0005,0.001,0.9995,-0.0069999999999999,0.1119999999999999,0.0009999999999999,72.6,0.0,0.0,34.2,20.100000000000005
2025-11-22T01:13:22.431Z,corso_IoT,ESP_LEOPIZZI,Lecce,Stanza,-0.0001612903225806,0.0001612903225806,0.9990322580645165,-0.0361290322580645,-0.0119354838709677,0.0127419354838709,72.60483870967741,0.0,0.0,17.741935483870968,20.1
2025-11-22T01:14:22.098Z,corso_IoT,ESP_LEOPIZZI,Lecce,Stanza,-0.0012962962962962,0.0001851851851851,0.9988888888888892,-0.0407407407407407,-0.0646296296296296,0.0092592592592592,72.59999999999994,0.0,0.0,16.72222222222222,20.11111111111113
2025-11-22T01:15:21.765Z,corso_IoT,ESP_LEOPIZZI,Lecce,Stanza,-0.000754716981132,0.0,0.9979245283018868,-0.0483018867924528,-0.0573584905660377,0.0222641509433962,72.54716981132074,0.0,0.0,24.52830188679245,20.166037735849063
2025-11-22T01:16:21.432Z,corso_IoT,ESP_LEOPIZZI,Lecce,Stanza,-0.0002173913043478,0.0002173913043478,0.9980434782608696,-0.1002173913043478,-0.0304347826086956,-0.013695652173913,72.5,0.0,0.0,20.565217391304348,20.189130434782623
2025-11-22T01:17:21.099Z,corso_IoT,ESP_LEOPIZZI,Lecce,Stanza,-0.0011475409836065,0.0001639344262295,0.998688524590164,-0.0273770491803278,-0.0583606557377049,0.0004918032786885,72.42131147540987,0.0,0.0,21.295081967213115,20.186885245901653
2025-11-22T01:18:20.766Z,corso_IoT,ESP_LEOPIZZI,Lecce,Stanza,-0.0004615384615384,0.0001538461538461,0.998,-0.0369230769230769,-0.0221538461538461,-0.0195384615384615,72.4,0.0,0.0,17.323076923076922,20.136923076923093
2025-11-22T01:19:20.433Z,corso_IoT,ESP_LEOPIZZI,Lecce,Stanza,-0.0008474576271186,0.0011864406779661,0.9983050847457628,-0.0516949152542373,-0.0562711864406779,-0.0145762711864406,72.40000000000003,0.0,0.0,19.8135593220339,20.14745762711867
2025-11-22T01:20:20.1Z,corso_IoT,ESP_LEOPIZZI,Lecce,Stanza,-0.0011320754716981,0.000377358490566,0.997735849056604,-0.0422641509433962,-0.0039622641509434,-0.0398113207547169,72.38490566037743,0.0,0.0,15.9811320754717,20.19622641509436
2025-11-22T01:21:19.767Z,corso_IoT,ESP_LEOPIZZI,Lecce,Stanza,-0.0002127659574468,0.0008510638297872,0.9959574468085108,-0.0376595744680851,0.0182978723404255,-0.0002127659574468,72.33191489361705,0.0,0.0,16.106382978723403,20.168085106383
2025-11-22T01:22:19.434Z,corso_IoT,ESP_LEOPIZZI,Lecce,Stanza,-0.0006896551724137,0.0003448275862068,0.9975862068965514,-0.059655172413793,-0.043103448275862,-0.0379310344827586,72.40000000000003,0.0,0.0,24.75862068965517,20.19310344827586
2025-11-22T01:23:19.101Z,corso_IoT,ESP_LEOPIZZI,Lecce,Stanza,-0.0013235294117647,0.0001470588235294,0.997058823529412,-0.0772058823529412,-0.0626470588235293,-0.0404411764705882,72.33970588235294,0.0,0.0,22.08823529411765,20.19558823529414
2025-11-22T01:24:18.768Z,corso_IoT,ESP_LEOPIZZI,Lecce,Stanza,0.0002564102564102,0.0,0.9994871794871796,-0.1084615384615384,0.0458974358974359,-0.0305128205128205,72.31794871794874,0.0,0.0,21.56410256410257,20.197435897435906
2025-11-22T01:25:18.435Z,corso_IoT,ESP_LEOPIZZI,Lecce,Stanza,0.0001612903225806,0.0003225806451612,0.9988709677419356,-0.0954838709677419,0.0369354838709677,0.0453225806451612,72.30000000000008,0.0,0.0,15.241935483870968,20.16451612903226
2025-11-22T01:26:18.102Z,corso_IoT,ESP_LEOPIZZI,Lecce,Stanza,0.0,0.0003703703703703,1.0007407407407407,-0.0825925925925926,0.0511111111111111,0.004074074074074,72.29999999999997,0.0,0.0,33.44444444444444,20.2
2025-11-22T01:27:17.769Z,corso_IoT,ESP_LEOPIZZI,Lecce,Stanza,0.0,-0.0001428571428571,0.9995714285714286,-0.076,-0.01,0.0128571428571428,72.22999999999992,0.0,0.0,17.242857142857144,20.16714285714286
2025-11-22T01:28:17.436Z,corso_IoT,ESP_LEOPIZZI,Lecce,Stanza,-0.0002597402597402,0.0,0.9997402597402596,-0.072077922077922,0.0225974025974025,0.0089610389610389,72.23506493506497,0.0,0.0,15.74025974025974,20.13116883116882
2025-11-22T01:29:17.103Z,corso_IoT,ESP_LEOPIZZI,Lecce,Stanza,-0.0003030303030303,0.0,0.9992424242424244,-0.0886363636363636,0.013030303030303,-0.0107575757575757,72.24090909090897,0.0,0.0,15.757575757575758,20.17121212121213
2025-11-22T01:30:16.77Z,corso_IoT,ESP_LEOPIZZI,Lecce,Stanza,-0.0001538461538461,-0.0001538461538461,0.998,-0.096,-0.012,-0.0123076923076923,72.29692307692315,0.0,0.0,20.09230769230769,20.186153846153868
2025-11-22T01:31:16.437Z,corso_IoT,ESP_LEOPIZZI,Lecce,Stanza,-0.0004166666666666,0.0001388888888888,0.9981944444444444,-0.1052777777777778,0.0279166666666666,-0.005,72.1999999999999,0.0,0.0,16.72222222222222,20.195833333333358
2025-11-22T01:32:16.104Z,corso_IoT,ESP_LEOPIZZI,Lecce,Stanza,0.0,0.0,1.0,-0.094102564102564,-0.0035897435897436,0.0184615384615384,72.21538461538462,0.0,0.0,16.615384615384617,20.20000000000001
2025-11-22T01:33:15.771Z,corso_IoT,ESP_LEOPIZZI,Lecce,Stanza,-0.00015625,0.0003125,0.99890625,-0.0946875,0.0384375,0.05171875,72.19999999999992,0.0,0.0,18.375,20.200000000000024
2025-11-22T01:34:15.438Z,corso_IoT,ESP_LEOPIZZI,Lecce,Stanza,-0.0004545454545454,-0.0003030303030303,0.9981818181818184,-0.0945454545454545,-0.0206060606060606,-0.0087878787878787,72.19999999999992,0.0,0.0,16.40909090909091,20.200000000000024
2025-11-22T01:35:15.105Z,corso_IoT,ESP_LEOPIZZI,Lecce,Stanza,-0.0003225806451612,0.0,0.9974193548387096,-0.0904838709677419,0.0125806451612903,0.0120967741935483,72.19999999999992,0.0,0.0,16.919354838709676,20.200000000000024
2025-11-22T01:36:14.772Z,corso_IoT,ESP_LEOPIZZI,Lecce,Stanza,0.0,-0.0006896551724137,0.9996551724137932,-0.0782758620689655,0.0362068965517241,0.0613793103448275,72.19655172413796,0.0,0.0,24.310344827586206,20.2
2025-11-22T01:37:14.439Z,corso_IoT,ESP_LEOPIZZI,Lecce,Stanza,-0.0003571428571428,0.0,0.9985714285714284,-0.0674999999999999,0.0203571428571428,-0.0207142857142857,72.1964285714286,0.0,0.0,20.178571428571427,20.2
2025-11-22T01:38:14.106Z,corso_IoT,ESP_LEOPIZZI,Lecce,Stanza,-0.0006779661016949,0.0005084745762711,0.9981355932203392,-0.0988135593220339,0.0345762711864406,-0.0128813559322033,72.09999999999997,0.0,0.0,22.16949152542373,20.20000000000002
2025-11-22T01:39:13.773Z,corso_IoT,ESP_LEOPIZZI,Lecce,Stanza,-0.0005405405405405,-0.0013513513513513,0.9986486486486488,-0.2056756756756756,-0.057027027027027,-0.0059459459459459,72.09999999999995,1.351351351351351,0.0,16.91891891891892,20.20000000000001
2025-11-22T01:40:13.44Z,corso_IoT,ESP_LEOPIZZI,Lecce,Stanza,0.1201538461538461,0.0236923076923077,0.9961538461538466,-0.2224615384615384,-0.5043076923076923,0.0287692307692307,72.1,0.7692307692307693,0.0,26.2,20.200000000000024
2025-11-22T01:41:13.107Z,corso_IoT,ESP_LEOPIZZI,Lecce,Stanza,0.1372307692307691,0.0389230769230769,0.989384615384616,-0.0972307692307692,-0.0027692307692307,-0.0056923076923076,72.1,0.0,0.0,19.615384615384617,20.200000000000024
2025-11-22T01:42:12.774Z,corso_IoT,ESP_LEOPIZZI,Lecce,Stanza,0.1402597402597403,0.0407792207792207,0.986623376623376,-0.1123376623376624,0.0132467532467532,0.0001298701298701,72.10000000000005,0.0,0.0,18.22077922077922,20.200000000000028
2025-11-22T01:43:12.441Z,corso_IoT,ESP_LEOPIZZI,Lecce,Stanza,0.1413725490196078,0.0415686274509804,0.9856862745098032,-0.0617647058823529,-0.0094117647058823,0.0676470588235294,72.09999999999995,0.0,0.0,18.80392156862745,20.200000000000017
2025-11-22T01:44:12.108Z,corso_IoT,ESP_LEOPIZZI,Lecce,Stanza,0.1466666666666667,0.0456862745098039,0.9833333333333328,-0.1125490196078431,0.0115686274509803,0.0009803921568627,72.09999999999995,0.0,0.0,19.745098039215687,20.200000000000017
2025-11-22T01:45:11.775Z,corso_IoT,ESP_LEOPIZZI,Lecce,Stanza,0.042,0.0082857142857142,0.9934285714285712,-0.3145714285714285,0.5022857142857143,-0.0925714285714285,72.2,2.857142857142857,0.0,18.2,20.245714285714275
2025-11-22T01:46:11.442Z,corso_IoT,ESP_LEOPIZZI,Lecce,Stanza,-0.0126153846153846,-0.0075384615384615,0.9973846153846156,-0.1575384615384616,0.0004615384615384,-0.0483076923076923,72.09692307692302,0.0,0.0,19.015384615384612,20.299999999999976
2025-11-22T01:47:11.109Z,corso_IoT,ESP_LEOPIZZI,Lecce,Stanza,-0.0141666666666666,-0.0088888888888888,0.9963888888888888,-0.1036111111111111,-0.0286111111111111,-0.0,71.95833333333337,0.0,0.0,21.13888888888889,20.299999999999997
2025-11-22T01:48:10.776Z,corso_IoT,ESP_LEOPIZZI,Lecce,Stanza,-0.0162068965517241,-0.0093103448275862,0.9989655172413792,-0.1955172413793102,0.0510344827586207,0.0144827586206896,71.8413793103448,0.0,0.0,24.06896551724138,20.3
2025-11-22T01:49:10.443Z,corso_IoT,ESP_LEOPIZZI,Lecce,Stanza,-0.0177777777777777,-0.008,0.998222222222222,-0.0964444444444444,-0.038,0.0006666666666666,71.8244444444445,0.0,0.0,18.11111111111111,20.299999999999983
2025-11-22T01:50:10.11Z,corso_IoT,ESP_LEOPIZZI,Lecce,Stanza,-0.0179629629629629,-0.0077777777777777,0.9975925925925928,-0.1353703703703703,0.0085185185185185,0.0131481481481481,71.80000000000007,0.0,0.0,15.537037037037036,20.29999999999998
2025-11-22T01:51:09.777Z,corso_IoT,ESP_LEOPIZZI,Lecce,Stanza,-0.0163636363636363,-0.0072727272727272,0.996969696969697,-0.1351515151515151,-0.0148484848484848,-0.0118181818181818,71.8,0.0,0.0,23.363636363636363,20.321212121212117
2025-11-22T01:52:09.444Z,corso_IoT,ESP_LEOPIZZI,Lecce,Stanza,-0.0196296296296296,-0.0062962962962962,0.9974074074074072,-0.1914814814814814,-0.0251851851851851,0.0148148148148148,71.78518518518516,0.0,0.0,35.148148148148145,20.300000000000004
2025-11-22T01:53:09.111Z,corso_IoT,ESP_LEOPIZZI,Lecce,Stanza,-0.0191666666666666,-0.0094444444444444,0.9969444444444444,-0.1938888888888889,0.0058333333333333,-0.0408333333333333,71.7805555555556,0.0,0.0,19.36111111111111,20.299999999999997
2025-11-22T01:54:08.778Z,corso_IoT,ESP_LEOPIZZI,Lecce,Stanza,-0.0174137931034482,-0.0079310344827586,0.996206896551724,-0.1217241379310345,-0.0118965517241379,-0.0034482758620689,71.7086206896551,0.0,0.0,23.46551724137931,20.349999999999977
2025-11-22T01:55:08.445Z,corso_IoT,ESP_LEOPIZZI,Lecce,Stanza,-0.0178048780487804,-0.0085365853658536,0.9946341463414632,-0.0919512195121951,0.0170731707317073,-0.0160975609756097,71.60975609756092,0.0,0.0,22.414634146341463,20.299999999999983
2025-11-22T01:56:08.112Z,corso_IoT,ESP_LEOPIZZI,Lecce,Stanza,-0.01,0.0147297297297297,0.9859459459459456,0.0004054054054054,0.3514864864864865,0.0833783783783784,71.64054054054058,1.351351351351351,0.0,14.027027027027026,20.29999999999997
2025-11-22T01:57:07.779Z,corso_IoT,ESP_LEOPIZZI,Lecce,Stanza,-0.0102702702702702,0.0189189189189189,0.9851351351351346,-0.1410810810810811,0.0013513513513513,-0.0124324324324324,71.60540540540536,0.0,0.0,18.216216216216218,20.29999999999999
2025-11-22T01:58:07.446Z,corso_IoT,ESP_LEOPIZZI,Lecce,Stanza,-0.010188679245283,0.0198113207547169,0.9843396226415086,-0.1692452830188679,-0.02,-0.0171698113207547,71.67169811320746,0.0,0.0,18.28301886792453,20.29999999999998
2025-11-22T01:59:07.113Z,corso_IoT,ESP_LEOPIZZI,Lecce,Stanza,-0.00984375,0.02,0.9826562499999992,-0.2053125,0.03015625,-0.02375,71.75624999999998,0.0,0.0,17.625,20.299999999999976
2025-11-22T02:00:06.78Z,corso_IoT,ESP_LEOPIZZI,Lecce,Stanza,-0.0098275862068965,0.0201724137931034,0.9832758620689652,-0.1906896551724138,0.0310344827586206,-0.021551724137931,71.71551724137923,0.0,0.0,17.67241379310345,20.29999999999998
2025-11-22T02:01:06.447Z,corso_IoT,ESP_LEOPIZZI,Lecce,Stanza,-0.01,0.0201351351351351,0.9825675675675668,-0.159054054054054,-0.0104054054054054,-0.0171621621621621,71.71756756756753,0.0,0.0,15.27027027027027,20.28243243243242
2025-11-22T02:02:06.114Z,corso_IoT,ESP_LEOPIZZI,Lecce,Stanza,-0.01,0.0205714285714285,0.9817142857142852,-0.1405714285714285,0.0128571428571428,0.0051428571428571,71.7571428571429,0.0,0.0,15.971428571428572,20.24285714285715
2025-11-22T02:03:05.781Z,corso_IoT,ESP_LEOPIZZI,Lecce,Stanza,-0.0098305084745762,0.0205084745762711,0.9823728813559311,-0.1538983050847457,0.0183050847457627,-0.0038983050847457,71.7813559322034,0.0,0.0,16.576271186440678,20.2406779661017
2025-11-22T02:04:05.448Z,corso_IoT,ESP_LEOPIZZI,Lecce,Stanza,0.0016981132075471,-0.0171698113207547,1.0024528301886793,-0.2615094339622641,-0.0960377358490566,-0.0650943396226415,71.81698113207554,0.9433962264150944,0.0,15.641509433962264,20.277358490566016
2025-11-22T02:05:05.115Z,corso_IoT,ESP_LEOPIZZI,Lecce,Stanza,-0.00140625,-0.0184375,1.0026562499999998,-0.1739062499999999,0.0474999999999999,-0.0068749999999999,71.69374999999994,0.0,0.0,19.0,20.299999999999976
2025-11-22T02:06:04.782Z,corso_IoT,ESP_LEOPIZZI,Lecce,Stanza,-0.0005263157894736,-0.0181578947368421,1.0021052631578946,-0.1307894736842105,-0.0121052631578947,0.005,71.67631578947366,0.0,0.0,21.526315789473685,20.29999999999999
2025-11-22T02:07:04.449Z,corso_IoT,ESP_LEOPIZZI,Lecce,Stanza,-0.0011538461538461,-0.0171153846153846,1.0005769230769233,-0.165576923076923,-0.0011538461538461,0.0173076923076923,71.64807692307687,0.0,0.0,16.942307692307693,20.296153846153825
2025-11-22T02:08:04.116Z,corso_IoT,ESP_LEOPIZZI,Lecce,Stanza,-0.0016438356164383,-0.0153424657534246,1.0021917808219176,-0.1330136986301369,0.0124657534246575,-0.0290410958904109,71.63972602739727,0.0,0.0,15.726027397260276,20.29178082191778
2025-11-22T02:09:03.783Z,corso_IoT,ESP_LEOPIZZI,Lecce,Stanza,-0.00125,-0.01675,1.001,-0.1435,0.0002499999999999,-0.0165,71.62499999999993,0.0,0.0,19.65,20.29999999999999
2025-11-22T02:10:03.45Z,corso_IoT,ESP_LEOPIZZI,Lecce,Stanza,-0.0016279069767441,-0.0146511627906976,0.99953488372093,-0.1476744186046511,0.0009302325581395,-0.0174418604651162,71.63720930232553,0.0,0.0,15.581395348837209,20.299999999999983
2025-11-22T02:11:03.117Z,corso_IoT,ESP_LEOPIZZI,Lecce,Stanza,-0.0024999999999999,-0.0152272727272727,1.000909090909091,-0.1318181818181818,0.0297727272727272,0.0013636363636363,71.59999999999995,0.0,0.0,20.727272727272727,20.299999999999983
2025-11-22T02:12:02.784Z,corso_IoT,ESP_LEOPIZZI,Lecce,Stanza,-0.0013953488372093,-0.0167441860465116,1.0002325581395348,-0.1202325581395349,0.0309302325581395,-0.0581395348837209,71.59999999999995,0.0,0.0,16.58139534883721,20.299999999999983
2025-11-22T02:13:02.451Z,corso_IoT,ESP_LEOPIZZI,Lecce,Stanza,-0.0012,-0.0134,1.0002,-0.1526,0.0388,0.009,71.60599999999994,0.0,0.0,16.18,20.29399999999998
2025-11-22T02:14:02.118Z,corso_IoT,ESP_LEOPIZZI,Lecce,Stanza,-0.0039473684210526,-0.0163157894736842,0.9992105263157892,-0.1960526315789473,0.0407894736842105,-0.0326315789473684,71.60789473684206,0.0,0.0,22.07894736842105,20.292105263157893
2025-11-22T02:15:01.785Z,corso_IoT,ESP_LEOPIZZI,Lecce,Stanza,-0.002,-0.015,0.99975,-0.1405,0.01775,0.0397499999999999,71.63999999999996,0.0,0.0,16.45,20.259999999999987
2025-11-22T02:16:01.452Z,corso_IoT,ESP_LEOPIZZI,Lecce,Stanza,-0.0016279069767441,-0.0158139534883721,0.9997674418604652,-0.1283720930232558,0.0011627906976744,-0.0116279069767441,71.66976744186043,0.0,0.0,14.767441860465116,20.23023255813955
2025-11-22T02:17:01.119Z,corso_IoT,ESP_LEOPIZZI,Lecce,Stanza,-0.0052941176470588,-0.0152941176470588,0.998235294117647,-0.2111764705882353,-0.0652941176470588,0.0258823529411764,71.63529411764705,0.0,0.0,20.352941176470587,20.26470588235295
2025-11-22T02:18:00.786Z,corso_IoT,ESP_LEOPIZZI,Lecce,Stanza,-0.0019230769230769,-0.0161538461538461,0.9992307692307694,-0.1861538461538461,0.0242307692307692,0.0053846153846153,71.59999999999997,0.0,0.0,35.38461538461539,20.300000000000008
2025-11-22T02:19:00.453Z,corso_IoT,ESP_LEOPIZZI,Lecce,Stanza,-0.0006666666666666,-0.016,1.0013333333333334,-0.0953333333333333,-0.0853333333333333,0.0586666666666666,71.60000000000001,0.0,0.0,38.06666666666667,20.300000000000004
2025-11-22T02:20:00.12Z,corso_IoT,ESP_LEOPIZZI,Lecce,Stanza,-0.0028205128205128,-0.0138461538461538,0.9994871794871794,-0.1653846153846153,-0.0315384615384615,-0.0058974358974358,71.59999999999995,0.0,0.0,16.94871794871795,20.29999999999999
2025-11-22T02:20:59.787Z,corso_IoT,ESP_LEOPIZZI,Lecce,Stanza,-0.0023333333333333,-0.0126666666666666,1.0,-0.148,-0.0106666666666666,-0.0003333333333333,71.59999999999997,0.0,0.0,28.3,20.3
2025-11-22T02:21:59.454Z,corso_IoT,ESP_LEOPIZZI,Lecce,Stanza,-0.0033333333333333,-0.0123333333333333,0.9993333333333332,-0.1313333333333333,0.0033333333333333,0.0643333333333333,71.56999999999998,0.0,0.0,20.03333333333333,20.3
2025-11-22T02:22:59.121Z,corso_IoT,ESP_LEOPIZZI,Lecce,Stanza,-0.0023333333333333,-0.0113333333333333,0.999,-0.1543333333333333,-0.0036666666666666,0.0449999999999999,71.49,0.0,0.0,23.8,20.3
2025-11-22T02:23:58.788Z,corso_IoT,ESP_LEOPIZZI,Lecce,Stanza,-0.0026666666666666,-0.012,1.0003333333333333,-0.111,0.0663333333333333,0.0666666666666666,71.41666666666671,0.0,0.0,20.33333333333333,20.3
2025-11-22T02:24:58.455Z,corso_IoT,ESP_LEOPIZZI,Lecce,Stanza,-0.0042857142857142,-0.0110714285714285,0.9957142857142854,-0.1585714285714285,0.0403571428571428,0.0182142857142857,71.45357142857144,0.0,0.0,30.071428571428573,20.300000000000004
2025-11-22T02:25:58.122Z,corso_IoT,ESP_LEOPIZZI,Lecce,Stanza,-0.0053125,-0.01,0.9975,-0.1959375,0.0974999999999999,-0.063125,71.44062500000003,0.0,0.0,23.625,20.3
2025-11-22T02:26:57.789Z,corso_IoT,ESP_LEOPIZZI,Lecce,Stanza,-0.005,-0.0102380952380952,0.9983333333333332,-0.154047619047619,0.1119047619047618,0.0119047619047619,71.45714285714286,0.0,0.0,26.476190476190474,20.233333333333352
2025-11-22T02:27:57.456Z,corso_IoT,ESP_LEOPIZZI,Lecce,Stanza,-0.0073076923076923,-0.0107692307692307,0.9953846153846152,-0.1723076923076923,0.1542307692307692,0.0323076923076922,71.56538461538459,0.0,0.0,26.115384615384617,20.199999999999992
2025-11-22T02:28:57.123Z,corso_IoT,ESP_LEOPIZZI,Lecce,Stanza,-0.0077419354838709,-0.0103225806451612,0.9967741935483868,-0.1554838709677419,0.0912903225806451,0.0003225806451612,71.66774193548387,0.0,0.0,26.41935483870968,20.200000000000003
2025-11-22T02:29:56.79Z,corso_IoT,ESP_LEOPIZZI,Lecce,Stanza,-0.0049999999999999,-0.01,0.9960714285714284,-0.1328571428571428,0.0410714285714285,0.0035714285714285,71.6857142857143,0.0,0.0,17.392857142857142,20.2
2025-11-22T02:30:56.457Z,corso_IoT,ESP_LEOPIZZI,Lecce,Stanza,-0.005813953488372,-0.0102325581395348,0.9967441860465118,-0.1886046511627907,0.0227906976744186,0.0127906976744186,71.68372093023252,0.0,0.0,21.209302325581397,20.200000000000014
2025-11-22T02:31:56.124Z,corso_IoT,ESP_LEOPIZZI,Lecce,Stanza,-0.0068181818181818,-0.01,0.9981818181818182,-0.2249999999999999,0.0609090909090909,0.0595454545454545,71.66363636363637,0.0,0.0,32.95454545454545,20.199999999999992
2025-11-22T02:32:55.791Z,corso_IoT,ESP_LEOPIZZI,Lecce,Stanza,-0.0044444444444444,-0.0094444444444444,0.9955555555555554,-0.0777777777777777,0.1016666666666666,0.0261111111111111,71.57777777777778,0.0,0.0,22.61111111111111,20.26111111111112
2025-11-22T02:33:55.458Z,corso_IoT,ESP_LEOPIZZI,Lecce,Stanza,-0.0053571428571428,-0.0096428571428571,0.9974999999999998,-0.1978571428571428,0.0864285714285714,-0.0146428571428571,71.53571428571428,0.0,0.0,22.071428571428573,20.22142857142857
2025-11-22T02:34:55.125Z,corso_IoT,ESP_LEOPIZZI,Lecce,Stanza,0.0476785714285714,-0.0089285714285714,0.9989285714285716,-0.2239285714285714,-0.2735714285714284,0.0392857142857142,71.50535714285714,4.464285714285714,0.0,17.267857142857142,20.20000000000002
2025-11-22T02:35:54.792Z,corso_IoT,ESP_LEOPIZZI,Lecce,Stanza,0.1483720930232559,0.0104651162790697,0.9979069767441862,-0.1630232558139535,0.0762790697674418,0.0102325581395348,71.51162790697673,0.0,0.0,19.55813953488372,20.200000000000014
2025-11-22T02:36:54.459Z,corso_IoT,ESP_LEOPIZZI,Lecce,Stanza,0.157,0.015,0.9963333333333332,-0.1533333333333333,0.0743333333333333,-0.0383333333333333,71.4666666666667,0.0,0.0,17.8,20.2
2025-11-22T02:37:54.126Z,corso_IoT,ESP_LEOPIZZI,Lecce,Stanza,0.1586666666666667,0.0143333333333333,0.9939999999999996,-0.2103333333333333,0.063,0.0173333333333333,71.48666666666665,0.0,0.0,22.4,20.2
2025-11-22T02:38:53.793Z,corso_IoT,ESP_LEOPIZZI,Lecce,Stanza,0.1604545454545455,0.015,0.9940909090909088,-0.174090909090909,0.1209090909090909,-0.0413636363636363,71.55909090909091,0.0,0.0,22.363636363636363,20.199999999999992
2025-11-22T02:39:53.46Z,corso_IoT,ESP_LEOPIZZI,Lecce,Stanza,0.1607894736842106,0.0176315789473684,0.993157894736842,-0.1313157894736842,0.0839473684210526,-0.0297368421052631,71.5,0.0,0.0,17.63157894736842,20.20000000000001
2025-11-22T02:40:53.127Z,corso_IoT,ESP_LEOPIZZI,Lecce,Stanza,0.1636666666666666,0.019,0.9933333333333332,-0.144,0.1283333333333333,0.046,71.49333333333334,0.0,0.0,19.066666666666663,20.2
2025-11-22T02:41:52.794Z,corso_IoT,ESP_LEOPIZZI,Lecce,Stanza,0.1683333333333333,0.02,0.9916666666666666,-0.2233333333333333,0.1377777777777777,-0.0049999999999999,71.45555555555558,0.0,0.0,19.88888888888889,20.2
2025-11-22T02:42:52.461Z,corso_IoT,ESP_LEOPIZZI,Lecce,Stanza,0.1677777777777777,0.0188888888888888,0.9944444444444444,-0.2111111111111112,0.0169444444444444,0.0147222222222222,71.40000000000003,0.0,0.0,19.86111111111111,20.200000000000006
2025-11-22T02:43:52.128Z,corso_IoT,ESP_LEOPIZZI,Lecce,Stanza,0.1673076923076923,0.018076923076923,0.9907692307692304,-0.2088461538461538,0.0688461538461538,-0.0473076923076923,71.40000000000003,0.0,0.0,29.53846153846154,20.199999999999992
2025-11-22T02:44:51.795Z,corso_IoT,ESP_LEOPIZZI,Lecce,Stanza,0.1677272727272727,0.0177272727272727,0.9909090909090906,-0.1468181818181818,0.0827272727272727,-0.1059090909090909,71.40000000000002,0.0,0.0,19.045454545454547,20.199999999999992
2025-11-22T02:45:51.462Z,corso_IoT,ESP_LEOPIZZI,Lecce,Stanza,0.1699999999999999,0.02,0.9914285714285708,-0.2007142857142856,0.0953571428571428,0.0342857142857142,71.41785714285716,0.0,0.0,22.678571428571427,20.160714285714285
2025-11-22T02:46:51.129Z,corso_IoT,ESP_LEOPIZZI,Lecce,Stanza,0.1699999999999999,0.0191304347826087,0.992173913043478,-0.1934782608695651,0.1178260869565217,-0.0091304347826086,71.42173913043482,0.0,0.0,26.91304347826087,20.173913043478255
2025-11-22T02:47:50.796Z,corso_IoT,ESP_LEOPIZZI,Lecce,Stanza,0.1708571428571428,0.02,0.992285714285714,-0.144,0.0937142857142856,-0.0211428571428571,71.40285714285719,0.0,0.0,21.857142857142858,20.1257142857143
2025-11-22T02:48:50.463Z,corso_IoT,ESP_LEOPIZZI,Lecce,Stanza,0.1699999999999999,0.0195833333333333,0.9908333333333328,-0.2016666666666666,0.0945833333333333,-0.0075,71.40000000000002,0.0,0.0,26.666666666666668,20.10000000000001
2025-11-22T02:49:50.13Z,corso_IoT,ESP_LEOPIZZI,Lecce,Stanza,0.1706896551724137,0.02,0.9906896551724134,-0.1858620689655173,0.0927586206896551,-0.0220689655172413,71.40000000000003,0.0,0.0,23.724137931034484,20.10000000000001
2025-11-22T02:50:49.797Z,corso_IoT,ESP_LEOPIZZI,Lecce,Stanza,0.1722222222222221,0.02,0.9944444444444444,-0.2011111111111111,-0.0011111111111111,0.0188888888888888,71.40555555555555,0.0,0.0,26.72222222222222,20.100000000000005
2025-11-22T02:51:49.464Z,corso_IoT,ESP_LEOPIZZI,Lecce,Stanza,0.1712499999999999,0.02,0.99375,-0.16375,0.185,0.01875,71.4625,0.0,0.0,33.25,20.1
2025-11-22T02:52:49.131Z,corso_IoT,ESP_LEOPIZZI,Lecce,Stanza,0.1738461538461538,0.0199999999999999,0.9907692307692308,-0.1023076923076923,-0.0292307692307692,0.0307692307692307,71.39999999999999,0.0,0.0,18.46153846153846,20.1
2025-11-22T02:53:48.798Z,corso_IoT,ESP_LEOPIZZI,Lecce,Stanza,0.1723076923076922,0.0203846153846153,0.9884615384615384,-0.1596153846153846,0.1576923076923077,-0.0115384615384615,71.4115384615385,0.0,0.0,21.692307692307693,20.10000000000001
2025-11-22T02:54:48.465Z,corso_IoT,ESP_LEOPIZZI,Lecce,Stanza,0.1730232558139534,0.0204651162790697,0.9904651162790696,-0.2132558139534883,0.1299999999999999,-0.0023255813953488,71.40000000000005,0.0,0.0,18.069767441860463,20.100000000000016
2025-11-22T02:55:48.132Z,corso_IoT,ESP_LEOPIZZI,Lecce,Stanza,0.1744444444444444,0.0188888888888888,0.9916666666666668,-0.1933333333333333,0.0716666666666666,0.0288888888888888,71.44444444444444,0.0,0.0,37.388888888888886,20.100000000000005
2025-11-22T02:56:47.799Z,corso_IoT,ESP_LEOPIZZI,Lecce,Stanza,0.1617391304347826,0.028695652173913,0.9852173913043472,0.0613043478260869,0.0369565217391304,0.005,71.4152173913044,3.260869565217391,0.0,22.58695652173913,20.100000000000016
2025-11-22T02:57:47.466Z,corso_IoT,ESP_LEOPIZZI,Lecce,Stanza,0.1598076923076923,0.0315384615384615,0.9855769230769232,-0.1846153846153845,0.0421153846153845,-0.040576923076923,71.49615384615385,0.0,0.0,18.78846153846154,20.100000000000016
2025-11-22T02:58:47.133Z,corso_IoT,ESP_LEOPIZZI,Lecce,Stanza,0.1607692307692308,0.0338461538461538,0.9842307692307692,-0.2338461538461538,0.1119230769230768,-0.0065384615384615,71.54230769230766,0.0,0.0,30.653846153846157,20.10000000000001
2025-11-22T02:59:46.8Z,corso_IoT,ESP_LEOPIZZI,Lecce,Stanza,0.16,0.0309090909090909,0.9859090909090908,-0.2013636363636363,0.0545454545454545,0.0122727272727272,71.54545454545456,0.0,0.0,21.5,20.10000000000001
2025-11-22T03:00:46.467Z,corso_IoT,ESP_LEOPIZZI,Lecce,Stanza,0.1612,0.0332,0.986,-0.1495999999999999,0.1088,-0.0259999999999999,71.5,0.0,0.0,17.12,20.10000000000001
2025-11-22T03:01:46.134Z,corso_IoT,ESP_LEOPIZZI,Lecce,Stanza,0.1606896551724138,0.0334482758620689,0.9851724137931034,-0.1406896551724138,0.0679310344827586,-0.0151724137931034,71.47931034482761,0.0,0.0,17.103448275862068,20.093103448275876
2025-11-22T03:02:45.801Z,corso_IoT,ESP_LEOPIZZI,Lecce,Stanza,0.16,0.0326086956521739,0.9834782608695656,-0.2421739130434782,0.1513043478260869,-0.0765217391304348,71.49565217391304,0.0,0.0,21.91304347826087,20.10000000000001
2025-11-22T03:03:45.468Z,corso_IoT,ESP_LEOPIZZI,Lecce,Stanza,0.1621739130434783,0.0339130434782608,0.9869565217391304,-0.1191304347826086,0.0813043478260869,-0.0439130434782608,71.5,0.0,0.0,32.95652173913044,20.10000000000001
2025-11-22T03:04:45.135Z,corso_IoT,ESP_LEOPIZZI,Lecce,Stanza,0.1625714285714286,0.0331428571428571,0.9828571428571428,-0.1574285714285714,0.0711428571428571,-0.0288571428571428,71.49428571428572,0.0,0.0,15.942857142857145,20.10000000000001
2025-11-22T03:05:44.802Z,corso_IoT,ESP_LEOPIZZI,Lecce,Stanza,0.1624324324324324,0.0351351351351351,0.985675675675675,-0.1643243243243243,0.0686486486486486,-0.0105405405405405,71.41891891891896,0.0,0.0,20.08108108108108,20.10000000000001
2025-11-22T03:06:44.469Z,corso_IoT,ESP_LEOPIZZI,Lecce,Stanza,0.162258064516129,0.034516129032258,0.9829032258064516,-0.1377419354838709,0.0248387096774193,-0.0158064516129032,71.40322580645166,0.0,0.0,20.677419354838708,20.0967741935484
2025-11-22T03:07:44.136Z,corso_IoT,ESP_LEOPIZZI,Lecce,Stanza,0.1633333333333333,0.0342307692307692,0.9844871794871788,-0.1608974358974359,0.0661538461538461,0.018076923076923,71.40769230769226,0.0,0.0,16.71794871794872,20.092307692307678
2025-11-22T03:08:43.803Z,corso_IoT,ESP_LEOPIZZI,Lecce,Stanza,0.164390243902439,0.0324390243902439,0.9836585365853656,-0.1592682926829268,0.0817073170731707,-0.0139024390243902,71.44634146341465,0.0,0.0,22.146341463414632,20.07317073170733
2025-11-22T03:09:43.47Z,corso_IoT,ESP_LEOPIZZI,Lecce,Stanza,0.1683333333333333,0.0338888888888888,0.9838888888888891,-0.1105555555555555,0.0933333333333333,-0.0333333333333333,71.5111111111111,0.0,0.0,30.72222222222222,20.077777777777776
2025-11-22T03:10:43.137Z,corso_IoT,ESP_LEOPIZZI,Lecce,Stanza,0.1648076923076923,0.0330769230769231,0.9840384615384612,-0.1892307692307692,0.0857692307692308,-0.0326923076923076,71.4615384615385,0.0,0.0,18.307692307692307,20.086538461538478
2025-11-22T03:11:42.804Z,corso_IoT,ESP_LEOPIZZI,Lecce,Stanza,0.1640425531914894,0.0346808510638298,0.984255319148936,-0.1742553191489362,0.0714893617021276,-0.0214893617021276,71.42127659574473,0.0,0.0,17.25531914893617,20.085106382978736
2025-11-22T03:12:42.471Z,corso_IoT,ESP_LEOPIZZI,Lecce,Stanza,0.1677272727272727,0.0336363636363636,0.984090909090909,-0.1604545454545454,0.114090909090909,-0.0363636363636363,71.48181818181818,0.0,0.0,16.727272727272727,20.086363636363643
2025-11-22T03:13:42.138Z,corso_IoT,ESP_LEOPIZZI,Lecce,Stanza,0.1646875,0.034375,0.9840625,-0.1812499999999999,0.0778125,-0.0056249999999999,71.49375,0.0,0.0,28.375,20.09687500000001
2025-11-22T03:14:41.805Z,corso_IoT,ESP_LEOPIZZI,Lecce,Stanza,0.1659259259259259,0.0351851851851851,0.9840740740740738,-0.1385185185185184,0.0437037037037037,-0.0362962962962962,71.42222222222225,0.0,0.0,23.22222222222222,20.10000000000001
2025-11-22T03:15:41.472Z,corso_IoT,ESP_LEOPIZZI,Lecce,Stanza,0.1673076923076922,0.0361538461538461,0.985,-0.2234615384615385,0.055,-0.0157692307692307,71.42692307692309,0.0,0.0,15.384615384615383,20.08461538461539
2025-11-22T03:16:41.139Z,corso_IoT,ESP_LEOPIZZI,Lecce,Stanza,0.1595833333333333,0.03625,0.9833333333333332,-0.0908333333333333,-0.31375,-0.0279166666666666,71.54583333333332,6.25,0.0,13.041666666666666,20.05
2025-11-22T03:17:40.806Z,corso_IoT,ESP_LEOPIZZI,Lecce,Stanza,0.1525000000000002,0.0202777777777777,0.99375,-0.168611111111111,0.1705555555555556,-1.0127777777777778,71.52916666666674,6.944444444444445,0.0,25.819444444444443,20.070833333333344
2025-11-22T03:18:40.473Z,corso_IoT,ESP_LEOPIZZI,Lecce,Stanza,0.1268421052631579,0.0405263157894736,0.9818421052631576,-0.18,0.0905263157894736,0.0385526315789473,71.61710526315784,0.0,0.0,21.09210526315789,20.0
2025-11-22T03:19:40.14Z,corso_IoT,ESP_LEOPIZZI,Lecce,Stanza,0.1244736842105263,0.0413157894736842,0.9803947368421048,-0.1618421052631579,0.0125,0.0371052631578947,71.76578947368432,0.0,0.0,19.789473684210527,19.992105263157896
2025-11-22T03:20:39.807Z,corso_IoT,ESP_LEOPIZZI,Lecce,Stanza,0.1245679012345679,0.0428395061728395,0.9798765432098756,-0.1776543209876543,0.0485185185185185,0.0211111111111111,71.8000000000001,0.0,0.0,15.82716049382716,19.9962962962963
2025-11-22T03:21:39.474Z,corso_IoT,ESP_LEOPIZZI,Lecce,Stanza,0.1236538461538461,0.0448076923076923,0.979423076923076,-0.1725,0.0486538461538461,0.0440384615384615,71.80000000000007,0.0,0.0,15.384615384615383,20.0
2025-11-22T03:22:39.141Z,corso_IoT,ESP_LEOPIZZI,Lecce,Stanza,0.1207142857142857,0.0471428571428571,0.9800000000000004,-0.2071428571428571,0.0649999999999999,0.0192857142857142,71.8142857142857,0.0,0.0,18.071428571428573,20.0
2025-11-22T03:23:38.808Z,corso_IoT,ESP_LEOPIZZI,Lecce,Stanza,0.1243749999999999,0.049375,0.9793750000000002,-0.1556249999999999,0.09,-0.0025,71.86874999999998,0.0,0.0,21.625,20.0
2025-11-22T03:24:38.475Z,corso_IoT,ESP_LEOPIZZI,Lecce,Stanza,0.1261904761904761,0.0471428571428571,0.9771428571428572,-0.1423809523809523,-0.0261904761904762,-0.0066666666666666,71.79999999999998,0.0,0.0,23.33333333333333,20.0
2025-11-22T03:25:38.142Z,corso_IoT,ESP_LEOPIZZI,Lecce,Stanza,0.1238888888888889,0.0494444444444444,0.9794444444444446,-0.2116666666666666,0.0394444444444444,-0.0761111111111111,71.79999999999998,0.0,0.0,17.88888888888889,20.0
2025-11-22T03:26:37.809Z,corso_IoT,ESP_LEOPIZZI,Lecce,Stanza,0.1231818181818181,0.0477272727272727,0.9777272727272728,-0.1763636363636364,0.0968181818181818,-0.0395454545454545,71.79999999999997,0.0,0.0,17.90909090909091,20.0
2025-11-22T03:27:37.476Z,corso_IoT,ESP_LEOPIZZI,Lecce,Stanza,0.1217391304347826,0.0482608695652174,0.9791304347826087,-0.1608695652173913,0.2608695652173912,-0.0213043478260869,71.79999999999997,2.1739130434782608,0.0,28.17391304347826,20.0
2025-11-22T03:28:37.143Z,corso_IoT,ESP_LEOPIZZI,Lecce,Stanza,0.1223076923076923,0.0523076923076923,0.9757692307692308,0.2353846153846154,0.5596153846153846,0.0223076923076923,71.80769230769229,5.769230769230769,0.0,17.884615384615383,20.0
2025-11-22T03:29:36.81Z,corso_IoT,ESP_LEOPIZZI,Lecce,Stanza,0.1523529411764705,0.068235294117647,0.97,-0.2076470588235293,-0.0135294117647058,0.0494117647058823,71.88823529411765,0.0,0.0,16.058823529411764,20.0
2025-11-22T03:30:36.477Z,corso_IoT,ESP_LEOPIZZI,Lecce,Stanza,0.1527272727272727,0.0645454545454545,0.9672727272727272,-0.2290909090909091,-0.0318181818181818,0.0372727272727272,71.89090909090908,0.0,0.0,25.09090909090909,19.963636363636365
2025-11-22T03:31:36.144Z,corso_IoT,ESP_LEOPIZZI,Lecce,Stanza,0.1504999999999999,0.07,0.9620000000000004,-0.1865,-0.0025,0.03,71.94500000000001,0.0,0.0,16.2,19.98
2025-11-22T03:32:35.811Z,corso_IoT,ESP_LEOPIZZI,Lecce,Stanza,0.1476923076923076,0.07,0.9692307692307692,-0.2553846153846154,-0.0484615384615384,-0.0076923076923076,71.89999999999999,0.0,0.0,19.76923076923077,20.0
2025-11-22T03:33:35.478Z,corso_IoT,ESP_LEOPIZZI,Lecce,Stanza,0.1288888888888889,0.07,0.962777777777778,-0.1288888888888888,-0.3388888888888889,0.0333333333333333,71.9,5.555555555555555,0.0,33.05555555555556,20.0
2025-11-22T03:34:35.145Z,corso_IoT,ESP_LEOPIZZI,Lecce,Stanza,0.11,0.0666666666666667,0.9642857142857146,-0.1423809523809523,-0.0142857142857142,-0.0176190476190476,71.85714285714283,0.0,0.0,15.333333333333334,20.0
2025-11-22T03:35:34.812Z,corso_IoT,ESP_LEOPIZZI,Lecce,Stanza,0.0304,0.0176,0.9892,-0.0491999999999999,-0.0584,-0.006,71.84799999999998,0.0,0.0,25.72,20.0
2025-11-22T03:36:34.479Z,corso_IoT,ESP_LEOPIZZI,Lecce,Stanza,0.0,0.0006521739130434,0.9995652173913044,-0.0232608695652173,-0.0758695652173913,0.0226086956521739,71.80000000000005,0.0,0.0,15.869565217391305,20.0
2025-11-22T03:37:34.146Z,corso_IoT,ESP_LEOPIZZI,Lecce,Stanza,0.0,0.0016666666666666,1.0016666666666667,0.0733333333333333,-0.0199999999999999,0.0333333333333333,71.86666666666666,0.0,0.0,38.16666666666666,20.0
2025-11-22T03:38:33.813Z,corso_IoT,ESP_LEOPIZZI,Lecce,Stanza,-0.0012820512820512,0.0007692307692307,0.9992307692307691,0.0305128205128205,-0.0902564102564102,-0.0055128205128205,71.8076923076924,0.0,0.0,18.5,19.9846153846154
2025-11-22T03:39:33.48Z,corso_IoT,ESP_LEOPIZZI,Lecce,Stanza,-0.0024050632911392,0.000253164556962,0.999873417721519,0.030759493670886,-0.060253164556962,-0.0217721518987341,71.8000000000001,0.0,0.0,18.20253164556962,19.96202531645569
2025-11-22T03:40:33.147Z,corso_IoT,ESP_LEOPIZZI,Lecce,Stanza,-0.005,0.0007142857142857,0.99875,0.0496428571428571,-0.1076785714285714,-0.0326785714285714,71.81071428571435,0.8928571428571429,0.0,17.553571428571427,19.94285714285714
2025-11-22T03:41:32.814Z,corso_IoT,ESP_LEOPIZZI,Lecce,Stanza,-0.0187096774193548,0.0012903225806451,0.9983870967741936,0.0312903225806451,-0.0712903225806451,-0.0258064516129032,71.89677419354842,0.0,0.0,18.90322580645161,19.899999999999988
2025-11-22T03:42:32.481Z,corso_IoT,ESP_LEOPIZZI,Lecce,Stanza,-0.03,0.0,0.9985714285714286,0.0457142857142857,-0.1428571428571428,-0.0328571428571428,71.89999999999999,0.0,0.0,27.857142857142858,19.985714285714288
2025-11-22T03:43:32.148Z,corso_IoT,ESP_LEOPIZZI,Lecce,Stanza,-0.032,0.003,0.998,0.043,-0.121,-0.004,71.85999999999999,0.0,0.0,31.3,20.0
2025-11-22T03:44:31.815Z,corso_IoT,ESP_LEOPIZZI,Lecce,Stanza,-0.0196774193548387,0.0029032258064516,0.9967741935483868,0.0887096774193548,-0.1606451612903225,0.0419354838709677,71.8,1.6129032258064515,0.0,18.0,20.0
2025-11-22T03:45:31.482Z,corso_IoT,ESP_LEOPIZZI,Lecce,Stanza,-0.0233333333333333,0.0044444444444444,0.9966666666666668,0.0122222222222222,0.06,-0.0344444444444444,71.8,0.0,0.0,23.11111111111111,20.0
2025-11-22T03:46:31.149Z,corso_IoT,ESP_LEOPIZZI,Lecce,Stanza,-0.0211538461538461,0.0023076923076923,0.9946153846153843,-0.0065384615384615,-0.0865384615384615,0.033076923076923,71.79999999999997,0.0,0.0,27.846153846153847,20.0
2025-11-22T03:47:30.816Z,corso_IoT,ESP_LEOPIZZI,Lecce,Stanza,-0.0215384615384615,0.0038461538461538,0.9946153846153846,0.0084615384615384,-0.2515384615384615,-0.01,71.79999999999998,0.0,0.0,26.846153846153847,20.0
2025-11-22T03:48:30.483Z,corso_IoT,ESP_LEOPIZZI,Lecce,Stanza,-0.0315,0.0114999999999999,0.9890000000000002,0.0435,-0.1175,0.041,71.79999999999998,0.0,0.0,24.0,20.0
2025-11-22T03:49:30.15Z,corso_IoT,ESP_LEOPIZZI,Lecce,Stanza,-0.0407142857142857,0.0217857142857142,0.983214285714286,0.0224999999999999,-0.0157142857142857,-0.0385714285714285,71.79999999999997,0.0,0.0,16.928571428571427,20.0
2025-11-22T03:50:29.817Z,corso_IoT,ESP_LEOPIZZI,Lecce,Stanza,-0.044,0.022,0.98,0.036,-0.038,0.022,71.8,0.0,0.0,16.8,20.0
2025-11-22T03:51:29.484Z,corso_IoT,ESP_LEOPIZZI,Lecce,Stanza,-0.0889473684210526,0.0484210526315789,0.9552631578947368,0.1110526315789473,-0.1578947368421053,0.001578947368421,71.79999999999998,0.0,0.0,34.21052631578947,20.0
2025-11-22T03:52:29.151Z,corso_IoT,ESP_LEOPIZZI,Lecce,Stanza,-0.1208,0.0656,0.9447999999999998,0.0112,0.09,-0.0635999999999999,71.79999999999997,0.0,0.0,19.6,20.0
2025-11-22T03:53:28.818Z,corso_IoT,ESP_LEOPIZZI,Lecce,Stanza,-0.1311999999999999,0.0688,0.9376,-0.0415999999999999,-0.1496,-0.0255999999999999,71.79999999999997,0.0,0.0,29.04,19.992
2025-11-22T03:54:28.485Z,corso_IoT,ESP_LEOPIZZI,Lecce,Stanza,-0.1315384615384615,0.0688461538461538,0.9369230769230772,0.0142307692307692,-0.0807692307692307,0.0053846153846153,71.79999999999997,0.0,0.0,24.46153846153846,19.96153846153846
2025-11-22T03:55:28.152Z,corso_IoT,ESP_LEOPIZZI,Lecce,Stanza,-0.135,0.0707142857142857,0.9357142857142858,0.0589285714285714,0.0060714285714285,-0.0524999999999999,71.79999999999997,0.0,0.0,27.964285714285715,19.974999999999994
2025-11-22T03:56:27.819Z,corso_IoT,ESP_LEOPIZZI,Lecce,Stanza,-0.138780487804878,0.0717073170731707,0.9341463414634146,0.024390243902439,-0.0636585365853658,-0.0370731707317073,71.80000000000004,0.0,0.0,24.02439024390244,19.90243902439023
2025-11-22T03:57:27.486Z,corso_IoT,ESP_LEOPIZZI,Lecce,Stanza,-0.142923076923077,0.0776923076923077,0.9304615384615385,0.0275384615384615,0.0055384615384615,0.0369230769230769,71.8246153846154,2.3076923076923075,0.0,20.16923076923077,19.90000000000001
2025-11-22T03:58:27.153Z,corso_IoT,ESP_LEOPIZZI,Lecce,Stanza,-0.145625,0.078125,0.9293749999999998,-0.0018749999999999,-0.1587499999999999,0.0424999999999999,71.89999999999999,0.0,0.0,16.8125,19.9
2025-11-22T03:59:26.82Z,corso_IoT,ESP_LEOPIZZI,Lecce,Stanza,-0.1147619047619048,0.0538095238095238,0.9557142857142854,0.3128571428571428,0.2057142857142857,-0.0561904761904761,71.90000000000002,2.380952380952381,0.0,28.38095238095238,19.899999999999995
2025-11-22T04:00:26.487Z,corso_IoT,ESP_LEOPIZZI,Lecce,Stanza,-0.1225,0.0596428571428571,0.9471428571428568,0.0060714285714285,-0.0864285714285714,-0.0149999999999999,71.90000000000003,0.0,0.0,27.785714285714285,19.924999999999997
2025-11-22T04:01:26.154Z,corso_IoT,ESP_LEOPIZZI,Lecce,Stanza,-0.1245588235294117,0.060735294117647,0.9464705882352944,0.0663235294117647,-0.0183823529411764,-0.0247058823529411,71.80735294117656,0.0,0.0,17.279411764705884,19.97647058823531
2025-11-22T04:02:25.821Z,corso_IoT,ESP_LEOPIZZI,Lecce,Stanza,-0.1253125,0.0609375,0.9434375,0.0275,-0.073125,0.0003124999999999,71.8,0.0,0.0,31.65625,19.899999999999988
2025-11-22T04:03:25.488Z,corso_IoT,ESP_LEOPIZZI,Lecce,Stanza,-0.1269444444444444,0.0616666666666667,0.9430555555555556,0.0336111111111111,-0.0830555555555555,-0.0611111111111111,71.80000000000001,0.0,0.0,24.86111111111111,19.899999999999988
2025-11-22T04:04:25.155Z,corso_IoT,ESP_LEOPIZZI,Lecce,Stanza,-0.1278124999999999,0.0625,0.9421875000000002,0.0003125,-0.12,-0.0634375,71.90000000000003,0.0,0.0,22.46875,19.899999999999988
2025-11-22T04:05:24.822Z,corso_IoT,ESP_LEOPIZZI,Lecce,Stanza,-0.1294594594594594,0.0624324324324324,0.9427027027027026,0.0527027027027027,-0.0381081081081081,-0.0143243243243243,71.90000000000005,0.0,0.0,22.0,19.899999999999988
2025-11-22T04:06:24.489Z,corso_IoT,ESP_LEOPIZZI,Lecce,Stanza,-0.1287755102040815,0.063265306122449,0.943061224489796,0.0414285714285714,-0.0377551020408163,-0.016734693877551,71.87346938775515,0.0,0.0,23.632653061224488,19.899999999999984
2025-11-22T04:07:24.156Z,corso_IoT,ESP_LEOPIZZI,Lecce,Stanza,-0.1379411764705882,0.0702941176470588,0.9335294117647056,-0.2947058823529411,-0.1202941176470588,0.1138235294117646,71.90000000000003,4.411764705882353,0.0,26.058823529411764,19.89411764705881
2025-11-22T04:08:23.823Z,corso_IoT,ESP_LEOPIZZI,Lecce,Stanza,-0.1317142857142856,0.0554285714285714,0.9442857142857142,0.4854285714285715,-0.2102857142857143,-0.0842857142857142,71.94285714285718,2.857142857142857,0.0,33.42857142857143,19.899999999999988
2025-11-22T04:09:23.49Z,corso_IoT,ESP_LEOPIZZI,Lecce,Stanza,-0.1306666666666666,0.0566666666666666,0.9499999999999996,-0.0126666666666666,-0.1753333333333333,-0.0626666666666666,71.95333333333333,0.0,0.0,14.466666666666669,19.9
2025-11-22T04:10:23.157Z,corso_IoT,ESP_LEOPIZZI,Lecce,Stanza,-0.1311764705882352,0.0558823529411764,0.9472549019607848,-0.0115686274509803,-0.0686274509803921,0.002156862745098,71.91764705882359,0.0,0.0,18.607843137254903,19.899999999999984
2025-11-22T04:11:22.824Z,corso_IoT,ESP_LEOPIZZI,Lecce,Stanza,-0.1310416666666665,0.0575,0.9477083333333336,0.0204166666666666,-0.1010416666666667,-0.0289583333333333,71.91250000000004,0.0,0.0,18.416666666666668,19.80208333333332
2025-11-22T04:12:22.491Z,corso_IoT,ESP_LEOPIZZI,Lecce,Stanza,-0.1334999999999999,0.05775,0.9469999999999996,-0.0422499999999999,0.0039999999999999,-0.0415,72.0,0.0,0.0,29.65,19.874999999999982
2025-11-22T04:13:22.158Z,corso_IoT,ESP_LEOPIZZI,Lecce,Stanza,-0.1364150943396225,0.06,0.9433962264150944,0.0469811320754717,-0.1218867924528301,-0.0481132075471698,71.92452830188684,0.0,0.0,24.49056603773585,19.899999999999988
2025-11-22T04:14:21.825Z,corso_IoT,ESP_LEOPIZZI,Lecce,Stanza,-0.1358064516129032,0.0593548387096774,0.9435483870967744,0.0035483870967742,-0.032258064516129,-0.0267741935483871,71.92258064516132,0.0,0.0,25.096774193548388,19.89032258064515
2025-11-22T04:15:21.492Z,corso_IoT,ESP_LEOPIZZI,Lecce,Stanza,-0.1373913043478261,0.0591304347826087,0.942608695652174,-0.0134782608695652,-0.0973913043478261,-0.0217391304347826,71.90000000000002,0.0,0.0,34.17391304347826,19.89999999999999
2025-11-22T04:16:21.159Z,corso_IoT,ESP_LEOPIZZI,Lecce,Stanza,-0.136,0.0596666666666667,0.9423333333333336,0.0123333333333333,-0.0443333333333333,0.0073333333333333,71.88333333333337,0.0,0.0,16.933333333333334,19.899999999999988
2025-11-22T04:17:20.826Z,corso_IoT,ESP_LEOPIZZI,Lecce,Stanza,-0.1352380952380952,0.0604761904761905,0.943809523809524,-0.0495238095238095,-0.0085714285714285,-0.0371428571428571,71.90000000000002,0.0,0.0,35.57142857142857,19.899999999999995
2025-11-22T04:18:20.493Z,corso_IoT,ESP_LEOPIZZI,Lecce,Stanza,-0.1369999999999999,0.06025,0.9417499999999996,-0.0072499999999999,-0.0675,-0.0642499999999999,71.80000000000004,0.0,0.0,18.3,19.899999999999984
2025-11-22T04:19:20.16Z,corso_IoT,ESP_LEOPIZZI,Lecce,Stanza,-0.1363043478260868,0.0604347826086956,0.9430434782608694,0.0004347826086956,-0.0206521739130434,-0.0015217391304347,71.80000000000005,0.0,0.0,25.065217391304348,19.899999999999984
2025-11-22T04:20:19.827Z,corso_IoT,ESP_LEOPIZZI,Lecce,Stanza,-0.1388461538461539,0.0611538461538461,0.9438461538461538,0.0107692307692307,0.0046153846153846,-0.0338461538461538,71.79999999999997,0.0,0.0,19.692307692307693,19.89999999999999
2025-11-22T04:21:19.494Z,corso_IoT,ESP_LEOPIZZI,Lecce,Stanza,-0.1385714285714285,0.06,0.9431428571428572,0.0205714285714285,0.0325714285714285,-0.014,71.80000000000001,0.0,0.0,18.8,19.899999999999988
2025-11-22T04:22:19.161Z,corso_IoT,ESP_LEOPIZZI,Lecce,Stanza,-0.1375757575757575,0.0612121212121212,0.9400000000000004,0.0581818181818181,0.0,-0.0645454545454545,71.8,0.0,0.0,23.24242424242424,19.921212121212115
2025-11-22T04:23:18.828Z,corso_IoT,ESP_LEOPIZZI,Lecce,Stanza,-0.1389285714285714,0.0610714285714286,0.942142857142857,-0.1,-0.0678571428571428,-0.0778571428571428,71.79999999999997,0.0,0.0,17.535714285714285,19.899999999999988
2025-11-22T04:24:18.495Z,corso_IoT,ESP_LEOPIZZI,Lecce,Stanza,-0.1376470588235294,0.06,0.942941176470588,0.0411764705882353,-0.0941176470588235,-0.0270588235294117,71.79999999999998,0.0,0.0,22.705882352941178,19.9
2025-11-22T04:25:18.162Z,corso_IoT,ESP_LEOPIZZI,Lecce,Stanza,-0.1392105263157894,0.061578947368421,0.9421052631578948,-0.0173684210526315,-0.078157894736842,-0.025,71.73157894736842,0.0,0.0,19.157894736842103,19.899999999999988
2025-11-22T04:26:17.829Z,corso_IoT,ESP_LEOPIZZI,Lecce,Stanza,-0.1383333333333333,0.0608333333333333,0.942777777777778,-0.0008333333333333,-0.0738888888888889,-0.0630555555555555,71.71111111111108,0.0,0.0,21.02777777777778,19.899999999999988
2025-11-22T04:27:17.496Z,corso_IoT,ESP_LEOPIZZI,Lecce,Stanza,-0.14,0.061,0.9399999999999998,0.0564999999999999,-0.024,-0.0305,71.70000000000002,0.0,0.0,19.85,19.899999999999995
2025-11-22T04:28:17.163Z,corso_IoT,ESP_LEOPIZZI,Lecce,Stanza,-0.139,0.0623333333333333,0.9406666666666668,0.0826666666666666,-0.087,-0.06,71.70000000000002,0.0,0.0,18.33333333333333,19.899999999999988
2025-11-22T04:29:16.83Z,corso_IoT,ESP_LEOPIZZI,Lecce,Stanza,-0.1396296296296297,0.0611111111111111,0.9425925925925924,0.0374074074074074,-0.084074074074074,-0.0422222222222222,71.70000000000003,0.0,0.0,28.814814814814813,19.89999999999999
2025-11-22T04:30:16.497Z,corso_IoT,ESP_LEOPIZZI,Lecce,Stanza,-0.1389655172413793,0.0617241379310345,0.9410344827586208,0.0137931034482758,-0.0534482758620689,-0.0317241379310344,71.72758620689656,0.0,0.0,21.310344827586206,19.899999999999988
2025-11-22T04:31:16.164Z,corso_IoT,ESP_LEOPIZZI,Lecce,Stanza,-0.1388888888888888,0.0604444444444444,0.9417777777777776,-0.0273333333333333,-0.0237777777777777,-0.0782222222222222,71.69999999999995,0.0,0.0,19.2,19.899999999999984
2025-11-22T04:32:15.831Z,corso_IoT,ESP_LEOPIZZI,Lecce,Stanza,-0.1384615384615385,0.0607692307692308,0.9415384615384615,0.025,-0.09,-0.0596153846153846,71.70000000000003,0.0,0.0,23.192307692307693,19.89999999999999
2025-11-22T04:33:15.498Z,corso_IoT,ESP_LEOPIZZI,Lecce,Stanza,-0.1395833333333332,0.0608333333333333,0.9397916666666664,0.045625,-0.079375,-0.0397916666666666,71.6770833333333,0.0,0.0,20.08333333333333,19.899999999999984
2025-11-22T04:34:15.165Z,corso_IoT,ESP_LEOPIZZI,Lecce,Stanza,-0.1392682926829268,0.0604878048780488,0.9404878048780492,0.048780487804878,-0.0268292682926829,-0.0463414634146341,71.6146341463414,0.0,0.0,17.585365853658537,19.899999999999984
2025-11-22T04:35:14.832Z,corso_IoT,ESP_LEOPIZZI,Lecce,Stanza,-0.1393333333333332,0.0613333333333333,0.9408888888888888,0.0264444444444444,-0.0415555555555555,-0.0704444444444444,71.60222222222217,0.0,0.0,24.77777777777778,19.899999999999984
2025-11-22T04:36:14.499Z,corso_IoT,ESP_LEOPIZZI,Lecce,Stanza,-0.14,0.0609375,0.9400000000000004,0.010625,-0.0615624999999999,-0.0228125,71.59999999999997,0.0,0.0,19.0,19.899999999999988
2025-11-22T04:37:14.166Z,corso_IoT,ESP_LEOPIZZI,Lecce,Stanza,-0.1399999999999999,0.06125,0.9391666666666664,-0.0195833333333333,-0.0335416666666666,-0.045625,71.60416666666661,0.0,0.0,17.729166666666668,19.899999999999984
2025-11-22T04:38:13.833Z,corso_IoT,ESP_LEOPIZZI,Lecce,Stanza,-0.1395081967213114,0.0619672131147541,0.9398360655737698,0.0047540983606557,-0.0636065573770492,-0.0052459016393442,71.60491803278686,0.0,0.0,17.62295081967213,19.895081967213116
2025-11-22T04:39:13.5Z,corso_IoT,ESP_LEOPIZZI,Lecce,Stanza,-0.1399999999999999,0.06125,0.940833333333333,-0.0045833333333333,-0.074375,-0.0710416666666666,71.59999999999995,0.0,0.0,19.541666666666668,19.87916666666665
2025-11-22T04:40:13.167Z,corso_IoT,ESP_LEOPIZZI,Lecce,Stanza,-0.1397999999999999,0.061,0.9404,0.012,-0.013,-0.0806,71.61999999999995,0.0,0.0,17.98,19.899999999999984
2025-11-22T04:41:12.834Z,corso_IoT,ESP_LEOPIZZI,Lecce,Stanza,-0.1396825396825396,0.0615873015873016,0.9396825396825392,0.0404761904761904,-0.0792063492063492,-0.0671428571428571,71.62380952380946,0.0,0.0,19.714285714285715,19.86507936507936
2025-11-22T04:42:12.501Z,corso_IoT,ESP_LEOPIZZI,Lecce,Stanza,-0.1400000000000001,0.0617857142857143,0.9410714285714288,0.0210714285714285,-0.0921428571428571,-0.0696428571428571,71.6392857142857,0.0,0.0,19.0,19.88214285714285
2025-11-22T04:43:12.168Z,corso_IoT,ESP_LEOPIZZI,Lecce,Stanza,-0.1382352941176471,0.0605882352941176,0.9399999999999996,0.0841176470588235,0.0111764705882352,-0.1158823529411764,71.60000000000001,0.0,0.0,39.94117647058823,19.9
2025-11-22T04:44:11.835Z,corso_IoT,ESP_LEOPIZZI,Lecce,Stanza,-0.0965853658536585,0.0590243902439024,0.9460975609756104,-0.0221951219512194,-0.0251219512195122,-0.1204878048780487,71.56585365853655,10.975609756097562,0.0,19.463414634146343,19.899999999999984
2025-11-22T04:45:11.502Z,corso_IoT,ESP_LEOPIZZI,Lecce,Stanza,-0.0312765957446808,0.0740425531914893,0.946808510638298,0.0506382978723404,-0.0923404255319148,-0.0344680851063829,71.54680851063827,0.0,0.0,17.97872340425532,19.899999999999984
2025-11-22T04:46:11.169Z,corso_IoT,ESP_LEOPIZZI,Lecce,Stanza,-0.0366666666666666,0.0766666666666666,0.9468115942028994,-0.0172463768115942,-0.0353623188405797,-0.0633333333333333,71.5782608695652,0.0,0.0,20.27536231884058,19.895652173913053
2025-11-22T04:47:10.836Z,corso_IoT,ESP_LEOPIZZI,Lecce,Stanza,-0.04,0.0795652173913043,0.9443478260869564,0.0256521739130434,-0.0878260869565217,-0.0039130434782608,71.50434782608696,0.0,0.0,25.52173913043478,19.89565217391304
2025-11-22T04:48:10.503Z,corso_IoT,ESP_LEOPIZZI,Lecce,Stanza,-0.0396153846153846,0.0792307692307692,0.9434615384615388,0.015,-0.0984615384615384,-0.0607692307692307,71.52692307692308,0.0,0.0,20.923076923076923,19.85384615384616
2025-11-22T04:49:10.17Z,corso_IoT,ESP_LEOPIZZI,Lecce,Stanza,-0.04,0.0788235294117647,0.9429411764705878,0.0041176470588235,-0.0570588235294117,-0.0552941176470588,71.58235294117648,0.0,0.0,43.52941176470589,19.805882352941182
2025-11-22T04:50:09.837Z,corso_IoT,ESP_LEOPIZZI,Lecce,Stanza,-0.0395833333333333,0.08,0.9416666666666668,0.0349999999999999,-0.0945833333333333,-0.0433333333333333,71.57916666666667,0.0,0.0,35.666666666666664,19.870833333333326
2025-11-22T04:51:09.504Z,corso_IoT,ESP_LEOPIZZI,Lecce,Stanza,-0.039,0.08,0.9419999999999998,-0.0305,-0.0064999999999999,0.0004999999999999,71.50999999999999,0.0,0.0,24.1,19.840000000000007
2025-11-22T04:52:09.171Z,corso_IoT,ESP_LEOPIZZI,Lecce,Stanza,-0.0390322580645161,0.0809677419354839,0.9425806451612904,-0.0270967741935483,-0.0154838709677419,-0.0090322580645161,71.59354838709673,0.0,0.0,21.483870967741936,19.8
2025-11-22T04:53:08.838Z,corso_IoT,ESP_LEOPIZZI,Lecce,Stanza,-0.04,0.0809523809523809,0.940952380952381,0.028095238095238,-0.0228571428571428,-0.0480952380952381,71.59523809523807,0.0,0.0,25.0,19.800000000000004
2025-11-22T04:54:08.505Z,corso_IoT,ESP_LEOPIZZI,Lecce,Stanza,-0.0281481481481481,0.0785185185185185,0.942222222222222,-0.7744444444444445,0.5574074074074075,0.1303703703703704,71.59999999999997,14.814814814814817,0.0,25.444444444444443,19.800000000000004
2025-11-22T04:55:08.172Z,corso_IoT,ESP_LEOPIZZI,Lecce,Stanza,0.2175,0.0236111111111111,0.9555555555555556,-0.1066666666666666,0.1341666666666667,1.3261111111111117,71.57499999999996,9.72222222222222,0.0,22.55555555555556,19.799999999999997
2025-11-22T04:56:07.839Z,corso_IoT,ESP_LEOPIZZI,Lecce,Stanza,0.2536363636363635,0.0054545454545454,0.9663636363636364,0.0395454545454545,0.0295454545454545,-0.059090909090909,71.56818181818183,0.0,0.0,17.818181818181817,19.87727272727272
2025-11-22T04:57:07.506Z,corso_IoT,ESP_LEOPIZZI,Lecce,Stanza,0.2553124999999999,0.0046875,0.9621875000000004,0.030625,-0.02625,-0.1034374999999999,71.48437500000001,0.0,0.0,24.875,19.884374999999984
2025-11-22T04:58:07.173Z,corso_IoT,ESP_LEOPIZZI,Lecce,Stanza,0.2584615384615383,0.0074358974358974,0.9625641025641029,0.0282051282051282,-0.0258974358974359,-0.081025641025641,71.5,0.0,0.0,25.56410256410257,19.838461538461527
2025-11-22T04:59:06.84Z,corso_IoT,ESP_LEOPIZZI,Lecce,Stanza,0.2590624999999998,0.0078125,0.96375,0.0078125,-0.0671874999999999,-0.0996875,71.5,0.0,0.0,17.09375,19.81875
2025-11-22T05:00:06.507Z,corso_IoT,ESP_LEOPIZZI,Lecce,Stanza,0.2672413793103446,-0.0027586206896551,0.9655172413793106,-0.1213793103448275,-0.1486206896551723,0.1303448275862069,71.4689655172414,1.7241379310344829,0.0,17.103448275862068,19.8
2025-11-22T05:01:06.174Z,corso_IoT,ESP_LEOPIZZI,Lecce,Stanza,0.2676923076923074,0.0007692307692307,0.9634615384615384,0.0269230769230769,-0.0240384615384615,-0.075576923076923,71.49807692307692,0.0,0.0,15.807692307692308,19.79999999999998
2025-11-22T05:02:05.841Z,corso_IoT,ESP_LEOPIZZI,Lecce,Stanza,0.2676190476190473,0.0002380952380952,0.9623809523809526,0.0197619047619047,-0.0223809523809523,-0.0735714285714285,71.4904761904762,0.0,0.0,15.023809523809524,19.799999999999983
2025-11-22T05:03:05.508Z,corso_IoT,ESP_LEOPIZZI,Lecce,Stanza,0.2673333333333333,0.0,0.9633333333333336,-0.0706666666666666,-0.0126666666666666,0.0033333333333333,71.5,0.0,0.0,19.8,19.80666666666667
2025-11-22T05:04:05.175Z,corso_IoT,ESP_LEOPIZZI,Lecce,Stanza,0.27,0.0005882352941176,0.9611764705882352,0.0358823529411764,-0.1170588235294117,-0.0288235294117647,71.46470588235294,0.0,0.0,38.88235294117647,19.82352941176471
2025-11-22T05:05:04.842Z,corso_IoT,ESP_LEOPIZZI,Lecce,Stanza,0.2693548387096772,0.0003225806451612,0.9606451612903232,0.0106451612903225,-0.0303225806451612,-0.0477419354838709,71.40000000000003,0.0,0.0,24.096774193548388,19.864516129032246
2025-11-22T05:06:04.509Z,corso_IoT,ESP_LEOPIZZI,Lecce,Stanza,0.2692105263157892,0.0010526315789473,0.9618421052631582,0.0392105263157894,-0.0644736842105263,-0.0986842105263157,71.40000000000005,0.0,0.0,17.92105263157895,19.79999999999999
2025-11-22T05:07:04.176Z,corso_IoT,ESP_LEOPIZZI,Lecce,Stanza,0.271,0.0015,0.9615000000000002,0.024,-0.065,-0.1134999999999999,71.465,0.0,0.0,12.8,19.800000000000004
2025-11-22T05:08:03.843Z,corso_IoT,ESP_LEOPIZZI,Lecce,Stanza,0.2699999999999998,0.0012903225806451,0.9609677419354844,0.0209677419354838,-0.1090322580645161,-0.1,71.41935483870972,0.0,0.0,21.225806451612904,19.8
2025-11-22T05:09:03.51Z,corso_IoT,ESP_LEOPIZZI,Lecce,Stanza,0.2699999999999998,0.001,0.9616666666666672,0.1133333333333333,-0.1406666666666666,-0.024,71.48666666666666,0.0,0.0,18.133333333333333,19.8
2025-11-22T05:10:03.177Z,corso_IoT,ESP_LEOPIZZI,Lecce,Stanza,0.2702127659574466,0.0008510638297872,0.9602127659574472,0.0180851063829787,-0.0044680851063829,-0.0919148936170213,71.5,0.0,0.0,21.53191489361702,19.799999999999983
2025-11-22T05:11:02.844Z,corso_IoT,ESP_LEOPIZZI,Lecce,Stanza,0.2707142857142856,0.0010714285714285,0.9621428571428574,0.0949999999999999,-0.0546428571428571,-0.1546428571428571,71.5,0.0,0.0,27.285714285714285,19.800000000000004
2025-11-22T05:12:02.511Z,corso_IoT,ESP_LEOPIZZI,Lecce,Stanza,0.2709433962264148,0.0020754716981132,0.9605660377358496,0.0052830188679245,-0.0539622641509434,-0.0792452830188679,71.49622641509434,0.0,0.0,21.20754716981132,19.79999999999998
2025-11-22T05:13:02.178Z,corso_IoT,ESP_LEOPIZZI,Lecce,Stanza,0.2639024390243901,-0.0185365853658536,0.9719512195121952,0.5382926829268293,0.0717073170731707,0.004390243902439,71.5,4.878048780487805,0.0,21.26829268292683,19.799999999999983
2025-11-22T05:14:01.845Z,corso_IoT,ESP_LEOPIZZI,Lecce,Stanza,0.2587179487179485,0.0148717948717948,0.955641025641026,-0.2697435897435897,-0.282051282051282,-0.232051282051282,71.5153846153846,2.5641025641025643,0.0,19.05128205128205,19.79999999999999
2025-11-22T05:15:01.512Z,corso_IoT,ESP_LEOPIZZI,Lecce,Stanza,0.257142857142857,0.0189285714285714,0.951785714285714,-0.0124999999999999,-0.0396428571428571,-0.0896428571428571,71.51071428571429,0.0,0.0,14.607142857142858,19.800000000000004
2025-11-22T05:16:01.179Z,corso_IoT,ESP_LEOPIZZI,Lecce,Stanza,0.2575757575757574,0.02,0.9509090909090906,0.0051515151515151,-0.053030303030303,-0.1075757575757575,71.4878787878788,0.0,0.0,21.484848484848484,19.8
2025-11-22T05:17:00.846Z,corso_IoT,ESP_LEOPIZZI,Lecce,Stanza,0.2557142857142856,0.0209523809523809,0.9509523809523804,0.0423809523809523,-0.0238095238095238,-0.1019047619047619,71.49047619047619,0.0,0.0,27.61904761904762,19.800000000000004
2025-11-22T05:18:00.513Z,corso_IoT,ESP_LEOPIZZI,Lecce,Stanza,0.2573529411764705,0.0205882352941176,0.9511764705882352,-0.0173529411764705,-0.0608823529411764,-0.0997058823529411,71.5,0.0,0.0,18.176470588235293,19.799999999999997
2025-11-22T05:19:00.18Z,corso_IoT,ESP_LEOPIZZI,Lecce,Stanza,0.2590909090909089,0.0209090909090909,0.9507272727272736,0.0012727272727272,-0.0243636363636363,-0.1307272727272727,71.42000000000006,0.0,0.0,18.12727272727273,19.79999999999998
2025-11-22T05:19:59.847Z,corso_IoT,ESP_LEOPIZZI,Lecce,Stanza,0.2586111111111109,0.0211111111111111,0.951111111111111,0.0111111111111111,-0.0602777777777777,-0.0980555555555555,71.40000000000003,0.0,0.0,19.86111111111111,19.799999999999997
2025-11-22T05:20:59.514Z,corso_IoT,ESP_LEOPIZZI,Lecce,Stanza,0.2599999999999999,0.0214285714285714,0.9519047619047616,0.1095238095238095,-0.0861904761904761,-0.019047619047619,71.40000000000002,0.0,0.0,28.428571428571427,19.800000000000004
2025-11-22T05:21:59.181Z,corso_IoT,ESP_LEOPIZZI,Lecce,Stanza,0.2595652173913042,0.0239130434782608,0.9504347826086952,-0.0904347826086956,-0.1604347826086956,-0.1108695652173913,71.40000000000002,0.0,0.0,23.43478260869565,19.800000000000008
2025-11-22T05:22:58.848Z,corso_IoT,ESP_LEOPIZZI,Lecce,Stanza,0.11625,0.0683333333333333,0.9479166666666672,-0.0043749999999999,-0.1425,0.0356249999999999,71.38125000000007,3.125,0.0,19.979166666666668,19.799999999999983
2025-11-22T05:23:58.515Z,corso_IoT,ESP_LEOPIZZI,Lecce,Stanza,0.1106493506493507,0.0707792207792208,0.9463636363636369,0.0214285714285714,-0.0301298701298701,-0.0416883116883117,71.3116883116884,0.0,0.0,17.07792207792208,19.79999999999997
2025-11-22T05:24:58.182Z,corso_IoT,ESP_LEOPIZZI,Lecce,Stanza,0.1101282051282051,0.0715384615384615,0.9450000000000004,-0.0048717948717948,-0.0401282051282051,-0.044102564102564,71.3000000000001,0.0,0.0,15.205128205128204,19.79999999999997
2025-11-22T05:25:57.849Z,corso_IoT,ESP_LEOPIZZI,Lecce,Stanza,0.11,0.0718181818181818,0.9454545454545452,-0.034090909090909,0.029090909090909,-0.0313636363636363,71.29999999999997,0.0,0.0,24.40909090909091,19.800000000000008
2025-11-22T05:26:57.516Z,corso_IoT,ESP_LEOPIZZI,Lecce,Stanza,0.1185714285714286,0.0761904761904762,0.943809523809524,0.7604761904761906,-2.1166666666666667,0.2223809523809524,71.29999999999998,7.142857142857143,0.0,21.23809523809524,19.800000000000004
2025-11-22T05:27:57.183Z,corso_IoT,ESP_LEOPIZZI,Lecce,Stanza,0.141304347826087,0.0778260869565217,0.9391304347826086,0.0252173913043478,-0.0708695652173913,-0.0856521739130434,71.29999999999997,0.0,0.0,22.347826086956523,19.800000000000008
2025-11-22T05:28:56.85Z,corso_IoT,ESP_LEOPIZZI,Lecce,Stanza,0.1442857142857143,0.0792857142857142,0.9371428571428568,-0.0764285714285714,0.0292857142857142,-0.1242857142857143,71.30714285714284,0.0,0.0,13.0,19.800000000000004
2025-11-22T05:29:56.517Z,corso_IoT,ESP_LEOPIZZI,Lecce,Stanza,0.1411111111111111,0.0777777777777777,0.9366666666666664,0.0377777777777777,0.12,-0.0477777777777777,71.38888888888887,0.0,0.0,10.77777777777778,19.8
2025-11-22T05:30:56.184Z,corso_IoT,ESP_LEOPIZZI,Lecce,Stanza,0.1425,0.0775,0.94,0.04,-0.1475,-0.015,71.4,0.0,0.0,39.25,19.8
2025-11-22T05:31:55.851Z,corso_IoT,ESP_LEOPIZZI,Lecce,Stanza,0.1405,0.078,0.9359999999999996,0.0074999999999999,0.0574999999999999,-0.0824999999999999,71.29999999999998,0.0,0.0,22.95,19.800000000000004
2025-11-22T05:32:55.518Z,corso_IoT,ESP_LEOPIZZI,Lecce,Stanza,0.1255,0.078,0.9344999999999996,-0.2365,0.1165,0.0229999999999999,71.29999999999998,2.5,0.0,18.4,19.800000000000004
2025-11-22T05:33:55.185Z,corso_IoT,ESP_LEOPIZZI,Lecce,Stanza,0.0961538461538461,0.0961538461538461,0.9307692307692306,0.0653846153846154,-0.0653846153846153,-0.0007692307692307,71.29999999999998,0.0,0.0,28.692307692307693,19.800000000000004
2025-11-22T05:34:54.852Z,corso_IoT,ESP_LEOPIZZI,Lecce,Stanza,0.0899999999999999,0.0954545454545454,0.9272727272727272,0.0363636363636363,-0.019090909090909,-0.1018181818181818,71.29999999999998,0.0,0.0,20.454545454545453,19.800000000000004
2025-11-22T05:35:54.519Z,corso_IoT,ESP_LEOPIZZI,Lecce,Stanza,0.0902439024390243,0.098780487804878,0.927317073170732,-0.0129268292682926,-0.0175609756097561,-0.0226829268292682,71.309756097561,0.0,0.0,16.658536585365855,19.799999999999983
2025-11-22T05:36:54.186Z,corso_IoT,ESP_LEOPIZZI,Lecce,Stanza,0.0909090909090908,0.0989610389610388,0.9272727272727276,0.037012987012987,-0.0605194805194805,-0.0242857142857142,71.37662337662336,0.0,0.0,17.415584415584416,19.79999999999997
2025-11-22T05:37:53.853Z,corso_IoT,ESP_LEOPIZZI,Lecce,Stanza,0.092,0.0993333333333333,0.9273333333333332,-0.022,0.04,-0.0493333333333333,71.37333333333332,0.0,0.0,51.13333333333333,19.800000000000004
2025-11-22T05:38:53.52Z,corso_IoT,ESP_LEOPIZZI,Lecce,Stanza,0.0908695652173913,0.098695652173913,0.9282608695652173,0.0217391304347825,-0.0495652173913043,-0.047391304347826,71.39565217391306,0.0,0.0,19.91304347826087,19.800000000000008
2025-11-22T05:39:53.187Z,corso_IoT,ESP_LEOPIZZI,Lecce,Stanza,0.09,0.0994117647058823,0.9282352941176468,0.0117647058823529,-0.0447058823529411,-0.0411764705882353,71.3235294117647,0.0,0.0,25.647058823529413,19.800000000000004
2025-11-22T05:40:52.854Z,corso_IoT,ESP_LEOPIZZI,Lecce,Stanza,0.0908,0.1,0.9260000000000004,-0.104,0.0252,-0.0883999999999999,71.29999999999997,0.0,0.0,12.56,19.800000000000008
2025-11-22T05:41:52.521Z,corso_IoT,ESP_LEOPIZZI,Lecce,Stanza,0.0916666666666666,0.0993333333333333,0.9273333333333332,-0.0416666666666666,-0.0773333333333333,-0.0986666666666666,71.39333333333337,0.0,0.0,16.366666666666667,19.77
2025-11-22T05:42:52.188Z,corso_IoT,ESP_LEOPIZZI,Lecce,Stanza,0.0946666666666666,0.1,0.922,-0.0546666666666666,-0.1313333333333333,-0.1079999999999999,71.39999999999999,0.0,0.0,20.466666666666665,19.800000000000004
2025-11-22T05:43:51.855Z,corso_IoT,ESP_LEOPIZZI,Lecce,Stanza,0.0938461538461538,0.1,0.9246153846153846,0.0361538461538461,-0.0615384615384615,-0.0946153846153846,71.33846153846152,0.0,0.0,23.23076923076923,19.800000000000004
2025-11-22T05:44:51.522Z,corso_IoT,ESP_LEOPIZZI,Lecce,Stanza,0.0928,0.1,0.9256000000000002,-0.0132,-0.0516,-0.0424,71.29999999999997,0.0,0.0,22.2,19.800000000000008
2025-11-22T05:45:51.189Z,corso_IoT,ESP_LEOPIZZI,Lecce,Stanza,0.0923809523809524,0.1,0.9219047619047622,0.0652380952380952,-0.0009523809523809,-0.049047619047619,71.29999999999998,0.0,0.0,41.71428571428572,19.800000000000004
2025-11-22T05:46:50.856Z,corso_IoT,ESP_LEOPIZZI,Lecce,Stanza,0.0936363636363636,0.1036363636363636,0.9227272727272728,-0.0018181818181818,-0.1209090909090909,-0.0872727272727272,71.29999999999998,0.0,0.0,21.818181818181817,19.800000000000004
2025-11-22T05:47:50.523Z,corso_IoT,ESP_LEOPIZZI,Lecce,Stanza,0.0914285714285714,0.100952380952381,0.9233333333333336,-0.0533333333333333,-0.0119047619047619,-0.0971428571428571,71.29999999999998,0.0,0.0,22.09523809523809,19.800000000000004
2025-11-22T05:48:50.19Z,corso_IoT,ESP_LEOPIZZI,Lecce,Stanza,0.0930434782608695,0.1004347826086956,0.9234782608695654,-0.0021739130434782,-0.1621739130434782,-0.0195652173913043,71.29999999999997,0.0,0.0,36.82608695652174,19.800000000000008
2025-11-22T05:49:49.857Z,corso_IoT,ESP_LEOPIZZI,Lecce,Stanza,0.0938461538461538,0.1007692307692307,0.926153846153846,0.0007692307692307,0.003076923076923,-0.0723076923076923,71.29999999999998,0.0,0.0,51.76923076923077,19.800000000000004
2025-11-22T05:50:49.524Z,corso_IoT,ESP_LEOPIZZI,Lecce,Stanza,0.0939999999999999,0.0999999999999999,0.923,0.04,-0.1709999999999999,-0.097,71.29999999999998,0.0,0.0,18.8,19.800000000000004
2025-11-22T05:51:49.191Z,corso_IoT,ESP_LEOPIZZI,Lecce,Stanza,0.0918181818181818,0.1027272727272727,0.9236363636363636,0.0945454545454545,-0.0945454545454545,-0.0327272727272727,71.29999999999998,0.0,0.0,24.181818181818183,19.800000000000004
2025-11-22T05:52:48.858Z,corso_IoT,ESP_LEOPIZZI,Lecce,Stanza,0.0945,0.0965,0.9285,0.1345,-0.476,0.014,71.14999999999999,5.0,0.3319999999999999,29.6,19.800000000000004
2025-11-22T05:53:48.525Z,corso_IoT,ESP_LEOPIZZI,Lecce,Stanza,0.1284615384615385,0.0946153846153844,0.9256410256410263,0.0134615384615384,-0.0762820512820513,-0.0514102564102564,71.1525641025641,0.0,0.8299999999999988,21.923076923076923,19.79999999999997
2025-11-22T05:54:48.192Z,corso_IoT,ESP_LEOPIZZI,Lecce,Stanza,0.1299999999999999,0.0973333333333333,0.9243333333333336,0.0796666666666666,-0.0866666666666666,-0.0353333333333333,71.29999999999998,0.0,0.8299999999999994,19.1,19.8
2025-11-22T05:55:47.859Z,corso_IoT,ESP_LEOPIZZI,Lecce,Stanza,0.1303636363636363,0.0961818181818181,0.9252727272727276,-0.0034545454545454,-0.0167272727272727,-0.0756363636363636,71.30000000000007,0.0,0.829999999999999,18.25454545454545,19.79999999999998
2025-11-22T05:56:47.526Z,corso_IoT,ESP_LEOPIZZI,Lecce,Stanza,0.131111111111111,0.0961111111111111,0.923333333333334,0.0563888888888889,-0.0569444444444444,-0.0855555555555555,71.30000000000001,0.0,0.8299999999999992,19.52777777777778,19.799999999999997
2025-11-22T05:57:47.193Z,corso_IoT,ESP_LEOPIZZI,Lecce,Stanza,0.1313157894736841,0.0947368421052631,0.92421052631579,0.0110526315789473,-0.073157894736842,-0.0502631578947368,71.30000000000003,0.0,0.8299999999999992,25.05263157894737,19.79999999999999
2025-11-22T05:58:46.86Z,corso_IoT,ESP_LEOPIZZI,Lecce,Stanza,0.1353846153846154,0.0965384615384615,0.9242307692307694,0.0038461538461538,-0.0192307692307692,-0.053076923076923,71.29999999999997,0.0,0.8299999999999995,17.384615384615383,19.800000000000008
2025-11-22T05:59:46.527Z,corso_IoT,ESP_LEOPIZZI,Lecce,Stanza,0.1328571428571427,0.0964285714285714,0.925714285714286,-0.0145238095238095,-0.0411904761904762,-0.0819047619047619,71.30000000000004,0.0,0.8299999999999992,20.452380952380956,19.799999999999983
2025-11-22T06:00:46.194Z,corso_IoT,ESP_LEOPIZZI,Lecce,Stanza,0.1335483870967742,0.0958064516129032,0.9232258064516132,0.0254838709677419,-0.024516129032258,-0.0151612903225806,71.39354838709681,0.0,0.8299999999999993,21.258064516129032,19.70645161290323
2025-11-22T06:01:45.861Z,corso_IoT,ESP_LEOPIZZI,Lecce,Stanza,0.134090909090909,0.0995454545454545,0.9245454545454548,-0.0263636363636363,-0.015,-0.0813636363636363,71.45454545454545,0.0,0.8299999999999997,28.727272727272727,19.699999999999992
2025-11-22T06:02:45.528Z,corso_IoT,ESP_LEOPIZZI,Lecce,Stanza,0.1364285714285713,0.0971428571428571,0.923333333333334,-0.029047619047619,-0.0561904761904762,-0.0619047619047619,71.4952380952381,0.0,0.8299999999999992,22.02380952380953,19.704761904761916
2025-11-22T06:03:45.195Z,corso_IoT,ESP_LEOPIZZI,Lecce,Stanza,0.1354545454545453,0.0983636363636363,0.923454545454546,-0.0298181818181818,-0.0443636363636363,-0.0649090909090909,71.3872727272728,0.0,0.829999999999999,19.527272727272727,19.78363636363635
2025-11-22T06:04:44.862Z,corso_IoT,ESP_LEOPIZZI,Lecce,Stanza,0.1367567567567567,0.0981081081081081,0.9224324324324332,0.0062162162162162,-0.0654054054054054,-0.0875675675675675,71.30000000000003,0.0,0.8299999999999992,18.135135135135137,19.79999999999999
2025-11-22T06:05:44.529Z,corso_IoT,ESP_LEOPIZZI,Lecce,Stanza,0.0548,0.0399999999999999,0.9692,0.0687999999999999,-0.0576,-0.018,71.26399999999998,0.0,0.8299999999999996,24.92,19.800000000000008
2025-11-22T06:06:44.196Z,corso_IoT,ESP_LEOPIZZI,Lecce,Stanza,0.0,0.0,1.000789473684211,0.054078947368421,-0.0253947368421052,0.0053947368421052,71.10000000000004,0.0,0.8299999999999987,17.82894736842105,19.79999999999997
2025-11-22T06:07:43.863Z,corso_IoT,ESP_LEOPIZZI,Lecce,Stanza,0.0,0.0003125,1.000625,0.0571875,-0.065,0.0328125,71.09374999999997,0.0,0.8299999999999993,14.40625,19.8
2025-11-22T06:08:43.53Z,corso_IoT,ESP_LEOPIZZI,Lecce,Stanza,0.0,0.0,1.0,0.0274999999999999,-0.0105555555555555,-0.0158333333333333,71.0,0.0,0.8299999999999992,23.05555555555556,19.799999999999997
2025-11-22T06:09:43.197Z,corso_IoT,ESP_LEOPIZZI,Lecce,Stanza,0.0,-0.0005,0.998,-0.0029999999999999,-0.021,-0.0295,71.0,0.0,0.8299999999999998,38.8,19.800000000000004
2025-11-22T06:10:42.864Z,corso_IoT,ESP_LEOPIZZI,Lecce,Stanza,0.0,0.0,1.0004,0.118,-0.0832,0.036,71.064,0.0,0.8299999999999996,17.88,19.756
2025-11-22T06:11:42.531Z,corso_IoT,ESP_LEOPIZZI,Lecce,Stanza,-0.0034146341463414,-0.0007317073170731,1.0021951219512195,0.0014634146341463,-0.143170731707317,-0.0568292682926829,71.30731707317078,1.2195121951219512,0.8299999999999992,22.170731707317078,19.700000000000014
2025-11-22T06:12:42.198Z,corso_IoT,ESP_LEOPIZZI,Lecce,Stanza,0.1140425531914893,-0.0582978723404255,1.0170212765957451,-0.2625531914893618,0.237659574468085,0.1253191489361702,71.31276595744686,4.25531914893617,0.8299999999999991,14.638297872340424,19.776595744680836
2025-11-22T06:13:41.865Z,corso_IoT,ESP_LEOPIZZI,Lecce,Stanza,0.1423684210526317,-0.0698684210526316,1.019605263157895,0.0157894736842105,-0.0546052631578947,0.0168421052631578,71.14473684210532,0.0,0.8299999999999987,14.355263157894736,19.79999999999997
2025-11-22T06:14:41.532Z,corso_IoT,ESP_LEOPIZZI,Lecce,Stanza,0.146388888888889,-0.0701388888888889,1.0183333333333335,0.0204166666666666,-0.0902777777777777,0.0322222222222222,71.10000000000002,0.0,0.8299999999999987,15.208333333333334,19.79999999999997
2025-11-22T06:15:41.199Z,corso_IoT,ESP_LEOPIZZI,Lecce,Stanza,0.1488888888888889,-0.0697222222222222,1.0183333333333335,0.0066666666666666,-0.0527777777777777,0.0252777777777777,71.07499999999997,0.0,0.8299999999999992,24.75,19.799999999999997
2025-11-22T06:16:40.866Z,corso_IoT,ESP_LEOPIZZI,Lecce,Stanza,0.1438461538461538,-0.07,1.0184615384615383,-0.0215384615384615,0.0961538461538461,0.1476923076923076,71.10000000000001,0.0,0.83,15.23076923076923,19.800000000000004
2025-11-22T06:17:40.533Z,corso_IoT,ESP_LEOPIZZI,Lecce,Stanza,0.1496774193548387,-0.0690322580645161,1.0161290322580647,0.0380645161290322,0.0009677419354838,0.0019354838709677,71.04516129032254,0.0,0.8299999999999993,13.774193548387096,19.754838709677426
2025-11-22T06:18:40.2Z,corso_IoT,ESP_LEOPIZZI,Lecce,Stanza,0.1499999999999999,-0.0688461538461538,1.0169230769230768,-0.0084615384615384,-0.3238461538461538,0.0569230769230769,71.18076923076926,0.0,0.8299999999999995,18.76923076923077,19.699999999999992
2025-11-22T06:19:39.867Z,corso_IoT,ESP_LEOPIZZI,Lecce,Stanza,0.15,-0.0691428571428571,1.0140000000000005,-0.0234285714285714,0.0362857142857142,0.0351428571428571,71.36571428571435,0.0,0.8299999999999992,18.085714285714285,19.700000000000006
2025-11-22T06:20:39.534Z,corso_IoT,ESP_LEOPIZZI,Lecce,Stanza,0.1495238095238094,-0.0695238095238095,1.0123809523809526,-0.0166666666666666,-0.0219047619047619,0.0495238095238095,71.31428571428573,0.0,0.8299999999999998,21.476190476190474,19.7
2025-11-22T06:21:39.201Z,corso_IoT,ESP_LEOPIZZI,Lecce,Stanza,0.1508333333333333,-0.0666666666666667,1.0166666666666664,0.0533333333333333,0.0033333333333333,-0.07,71.27499999999999,0.0,0.83,24.916666666666668,19.7
2025-11-22T06:22:38.868Z,corso_IoT,ESP_LEOPIZZI,Lecce,Stanza,0.1033333333333333,-0.0355555555555555,1.0005555555555556,-0.2072222222222223,-0.1097222222222222,0.0433333333333333,71.37222222222228,16.666666666666668,0.8299999999999992,21.36111111111111,19.644444444444456
2025-11-22T06:23:38.535Z,corso_IoT,ESP_LEOPIZZI,Lecce,Stanza,0.0720689655172414,0.0458620689655172,0.9482758620689652,0.0644827586206896,-0.0958620689655172,-0.0310344827586206,71.40000000000003,0.0,0.8299999999999994,19.13793103448276,19.62413793103449
2025-11-22T06:24:38.202Z,corso_IoT,ESP_LEOPIZZI,Lecce,Stanza,0.0707142857142857,0.0514285714285714,0.944285714285714,-0.0428571428571428,0.0092857142857142,-0.0221428571428571,71.39999999999999,0.0,0.83,29.785714285714285,19.7
2025-11-22T06:25:37.869Z,corso_IoT,ESP_LEOPIZZI,Lecce,Stanza,0.0166666666666666,0.1054166666666666,0.9004166666666662,0.0852083333333333,0.0772916666666666,-0.0695833333333333,71.40000000000005,9.375,0.0,21.89583333333333,19.700000000000017
2025-11-22T06:26:37.536Z,corso_IoT,ESP_LEOPIZZI,Lecce,Stanza,0.018235294117647,0.1017647058823529,0.9082352941176473,0.0235294117647058,-0.0064705882352941,-0.0794117647058823,71.21764705882353,0.0,0.0,21.529411764705884,19.75882352941177
2025-11-22T06:27:37.203Z,corso_IoT,ESP_LEOPIZZI,Lecce,Stanza,0.0258666666666666,0.0738666666666666,0.9314666666666672,0.0353333333333333,0.0985333333333333,-0.0134666666666666,71.03600000000002,0.6666666666666666,0.0,19.453333333333333,19.795999999999975
2025-11-22T06:28:36.87Z,corso_IoT,ESP_LEOPIZZI,Lecce,Stanza,0.0243037974683544,0.0744303797468354,0.930886075949368,-0.0154430379746835,-0.0198734177215189,-0.0269620253164556,71.0,0.0,0.0,16.11392405063291,19.79999999999997
2025-11-22T06:29:36.537Z,corso_IoT,ESP_LEOPIZZI,Lecce,Stanza,0.0240425531914893,0.0780851063829787,0.928936170212766,0.0436170212765957,-0.0157446808510638,-0.0106382978723404,71.02340425531912,0.0,0.0,19.08510638297872,19.776595744680844
2025-11-22T06:30:00Z,corso_IoT,ESP_LEOPIZZI,Lecce,Stanza,0.0233333333333333,0.08,0.9266666666666667,0.1466666666666666,0.0966666666666666,-0.1949999999999999,71.01666666666667,0.0,0.0,50.0,19.8
