#group,false,false,true,true,false,true,true,true,true,false,false,false,false,false,false,false,false,false,false,false
#datatype,string,long,dateTime:RFC3339,dateTime:RFC3339,dateTime:RFC3339,string,string,string,string,double,double,double,double,double,double,double,double,double,double,double
#default,mean,,,,,,,,,,,,,,,,,,,
,result,table,_start,_stop,_time,_measurement,host,location,room,accel_x,accel_y,accel_z,gyro_x,gyro_y,gyro_z,humidity,is_moving,light,mic,temperature
,,0,2025-11-25T00:10:00Z,2025-11-25T07:00:00Z,2025-11-25T00:10:46.603Z,corso_IoT,ESP_LEOPIZZI,Lecce,Stanza,0.04800000000000002,-0.06250000000000003,1.0125,1.3760000000000001,0.7259999999999998,0.562,70.77499999999998,0,0,33.35,17.060000000000002
,,0,2025-11-25T00:10:00Z,2025-11-25T07:00:00Z,2025-11-25T00:11:54.936Z,corso_IoT,ESP_LEOPIZZI,Lecce,Stanza,0.04818181818181816,-0.061454545454545484,1.0149090909090919,1.3834545454545453,0.627090909090909,0.5087272727272728,70.00545454545458,0,0,38.981818181818184,17.192727272727282
,,0,2025-11-25T00:10:00Z,2025-11-25T07:00:00Z,2025-11-25T00:13:03.269Z,corso_IoT,ESP_LEOPIZZI,Lecce,Stanza,-0.06565217391304345,0.06985507246376815,0.9837681159420281,1.3840579710144927,0.641159420289855,0.5169565217391303,69.36811594202901,0.7246376811594203,0,32.072463768115945,17.344927536231886
,,0,2025-11-25T00:10:00Z,2025-11-25T07:00:00Z,2025-11-25T00:14:11.602Z,corso_IoT,ESP_LEOPIZZI,Lecce,Stanza,-0.06717391304347826,0.07782608695652175,0.9795652173913036,1.375,0.6982608695652175,0.5102173913043478,68.97173913043484,0,0,29.391304347826086,17.441304347826083
,,0,2025-11-25T00:10:00Z,2025-11-25T07:00:00Z,2025-11-25T00:15:19.935Z,corso_IoT,ESP_LEOPIZZI,Lecce,Stanza,-0.06637681159420288,0.07884057971014498,0.9788405797101438,1.3975362318840578,0.637536231884058,0.5110144927536233,68.5898550724637,0,0,29.130434782608695,17.5
,,0,2025-11-25T00:10:00Z,2025-11-25T07:00:00Z,2025-11-25T00:16:28.268Z,corso_IoT,ESP_LEOPIZZI,Lecce,Stanza,-0.06320754716981136,0.07867924528301892,0.9779245283018857,1.3779245283018868,0.6384905660377358,0.488867924528302,68.22075471698109,0,0,30.264150943396228,17.571698113207564
,,0,2025-11-25T00:10:00Z,2025-11-25T07:00:00Z,2025-11-25T00:17:36.601Z,corso_IoT,ESP_LEOPIZZI,Lecce,Stanza,-0.06129870129870126,0.07961038961038967,0.9787012987012982,1.3706493506493507,0.5858441558441557,0.4944155844155844,67.9324675324675,0,0,31.857142857142858,17.599999999999987
,,0,2025-11-25T00:10:00Z,2025-11-25T07:00:00Z,2025-11-25T00:18:44.934Z,corso_IoT,ESP_LEOPIZZI,Lecce,Stanza,-0.060615384615384654,0.07938461538461543,0.9781538461538447,1.3889230769230767,0.6321538461538461,0.49153846153846165,67.76615384615374,0,0,28.907692307692308,17.658461538461562
,,0,2025-11-25T00:10:00Z,2025-11-25T07:00:00Z,2025-11-25T00:19:53.267Z,corso_IoT,ESP_LEOPIZZI,Lecce,Stanza,-0.06120481927710839,0.07927710843373498,0.9784337349397588,1.3945783132530125,0.604698795180723,0.4804819277108434,67.61445783132528,0,0,28.91566265060241,17.700000000000028
,,0,2025-11-25T00:10:00Z,2025-11-25T07:00:00Z,2025-11-25T00:21:01.6Z,corso_IoT,ESP_LEOPIZZI,Lecce,Stanza,-0.06109756097560971,0.07975609756097567,0.9771951219512192,1.4147560975609748,0.6292682926829268,0.48939024390243896,67.31585365853664,0,0,23.76829268292683,17.782926829268266
,,0,2025-11-25T00:10:00Z,2025-11-25T07:00:00Z,2025-11-25T00:22:09.933Z,corso_IoT,ESP_LEOPIZZI,Lecce,Stanza,-0.060701754385964944,0.08000000000000004,0.9771929824561394,1.3991228070175434,0.6201754385964913,0.47526315789473683,67.1964912280701,0,0,22.68421052631579,17.79999999999998
,,0,2025-11-25T00:10:00Z,2025-11-25T07:00:00Z,2025-11-25T00:23:18.266Z,corso_IoT,ESP_LEOPIZZI,Lecce,Stanza,-0.06041095890410959,0.07958904109589046,0.977123287671232,1.381643835616438,0.6394520547945204,0.5041095890410959,67.03150684931506,0,0,24.17808219178082,17.86027397260275
,,0,2025-11-25T00:10:00Z,2025-11-25T07:00:00Z,2025-11-25T00:24:26.599Z,corso_IoT,ESP_LEOPIZZI,Lecce,Stanza,-0.06013698630136987,0.07986301369863019,0.9765753424657525,1.3884931506849314,0.6431506849315068,0.4665753424657534,66.85753424657545,0,0,21.493150684931507,17.900000000000006
,,0,2025-11-25T00:10:00Z,2025-11-25T07:00:00Z,2025-11-25T00:25:34.932Z,corso_IoT,ESP_LEOPIZZI,Lecce,Stanza,-0.06011764705882347,0.08035294117647063,0.9762352941176466,1.3662352941176468,0.6254117647058821,0.46988235294117653,66.70705882352935,0,0,29.788235294117648,17.90000000000002
,,0,2025-11-25T00:10:00Z,2025-11-25T07:00:00Z,2025-11-25T00:26:43.265Z,corso_IoT,ESP_LEOPIZZI,Lecce,Stanza,-0.06049180327868856,0.08016393442622954,0.9755737704918023,1.3724590163934431,0.5885245901639344,0.450327868852459,66.61967213114751,0,0,30.704918032786885,17.89999999999999
,,0,2025-11-25T00:10:00Z,2025-11-25T07:00:00Z,2025-11-25T00:27:51.598Z,corso_IoT,ESP_LEOPIZZI,Lecce,Stanza,-0.06035714285714282,0.07988095238095243,0.9747619047619044,1.3713095238095234,0.6060714285714283,0.4835714285714284,66.49166666666663,0,0,24.55952380952381,17.903571428571443
,,0,2025-11-25T00:10:00Z,2025-11-25T07:00:00Z,2025-11-25T00:28:59.931Z,corso_IoT,ESP_LEOPIZZI,Lecce,Stanza,-0.06,0.08000000000000004,0.9741333333333326,1.3940000000000003,0.6122666666666667,0.4978666666666668,66.39999999999999,0,0,26.68,17.981333333333332
,,0,2025-11-25T00:10:00Z,2025-11-25T07:00:00Z,2025-11-25T00:30:08.264Z,corso_IoT,ESP_LEOPIZZI,Lecce,Stanza,-0.05988095238095234,0.08000000000000004,0.9749999999999995,1.3663095238095235,0.6413095238095239,0.4632142857142857,66.32619047619059,0,0,23.38095238095238,18
,,0,2025-11-25T00:10:00Z,2025-11-25T07:00:00Z,2025-11-25T00:31:16.597Z,corso_IoT,ESP_LEOPIZZI,Lecce,Stanza,-0.05962499999999997,0.08050000000000004,0.9748749999999994,1.4165,0.6135000000000003,0.47262499999999974,66.21374999999992,0,0,22.9125,18
,,0,2025-11-25T00:10:00Z,2025-11-25T07:00:00Z,2025-11-25T00:32:24.93Z,corso_IoT,ESP_LEOPIZZI,Lecce,Stanza,-0.05985507246376814,0.08000000000000004,0.973768115942028,1.399275362318841,0.5965217391304348,0.4615942028985508,66.15942028985502,0,0,21.6231884057971,18.017391304347818
,,0,2025-11-25T00:10:00Z,2025-11-25T07:00:00Z,2025-11-25T00:33:33.263Z,corso_IoT,ESP_LEOPIZZI,Lecce,Stanza,-0.05977272727272721,0.08034090909090914,0.9724999999999994,1.3601136363636368,0.6088636363636364,0.4589772727272725,66.05681818181814,0,0,24.022727272727273,18.02954545454544
,,0,2025-11-25T00:10:00Z,2025-11-25T07:00:00Z,2025-11-25T00:34:41.596Z,corso_IoT,ESP_LEOPIZZI,Lecce,Stanza,-0.05963855421686743,0.08036144578313258,0.9739759036144572,1.3650602409638553,0.6137349397590361,0.4469879518072291,65.89759036144576,0,0,24.89156626506024,18.098795180722874
,,0,2025-11-25T00:10:00Z,2025-11-25T07:00:00Z,2025-11-25T00:35:49.929Z,corso_IoT,ESP_LEOPIZZI,Lecce,Stanza,-0.05878048780487809,0.07975609756097564,0.9743902439024388,1.4099999999999995,0.6180487804878051,0.4717073170731708,65.79268292682924,0,0,24.70731707317073,18.100000000000012
,,0,2025-11-25T00:10:00Z,2025-11-25T07:00:00Z,2025-11-25T00:36:58.262Z,corso_IoT,ESP_LEOPIZZI,Lecce,Stanza,-0.05906250000000004,0.08000000000000003,0.9724999999999998,1.3771875,0.57625,0.43374999999999997,65.68437500000002,0,0,29.5,18.10000000000001
,,0,2025-11-25T00:10:00Z,2025-11-25T07:00:00Z,2025-11-25T00:38:06.595Z,corso_IoT,ESP_LEOPIZZI,Lecce,Stanza,-0.05948717948717947,0.08038461538461543,0.9729487179487174,1.3938461538461537,0.623974358974359,0.471153846153846,65.60641025641029,0,0,29.55128205128205,18.099999999999984
,,0,2025-11-25T00:10:00Z,2025-11-25T07:00:00Z,2025-11-25T00:39:14.928Z,corso_IoT,ESP_LEOPIZZI,Lecce,Stanza,-0.05945205479452056,0.08068493150684936,0.9738356164383556,1.35972602739726,0.6398630136986301,0.4467123287671233,65.53013698630137,0,0,27.47945205479452,18.09999999999999
,,0,2025-11-25T00:10:00Z,2025-11-25T07:00:00Z,2025-11-25T00:40:23.261Z,corso_IoT,ESP_LEOPIZZI,Lecce,Stanza,-0.059491525423728854,0.0803389830508475,0.9742372881355921,1.376440677966102,0.550677966101695,0.4479661016949152,65.49152542372882,0,0,23.593220338983052,18.10000000000001
,,0,2025-11-25T00:10:00Z,2025-11-25T07:00:00Z,2025-11-25T00:41:31.594Z,corso_IoT,ESP_LEOPIZZI,Lecce,Stanza,-0.059629629629629595,0.08024691358024696,0.9727160493827153,1.3879012345679012,0.5879012345679011,0.4595061728395062,65.39999999999996,0,0,24.234567901234566,18.099999999999984
,,0,2025-11-25T00:10:00Z,2025-11-25T07:00:00Z,2025-11-25T00:42:39.927Z,corso_IoT,ESP_LEOPIZZI,Lecce,Stanza,-0.059743589743589724,0.0802564102564103,0.9725641025641016,1.3682051282051282,0.585,0.47564102564102545,65.39871794871793,0,0,24.628205128205128,18.099999999999984
,,0,2025-11-25T00:10:00Z,2025-11-25T07:00:00Z,2025-11-25T00:43:48.26Z,corso_IoT,ESP_LEOPIZZI,Lecce,Stanza,-0.05988095238095233,0.08000000000000004,0.9722619047619041,1.3998809523809521,0.6223809523809525,0.4635714285714288,65.3000000000001,0,0,23.071428571428573,18.09999999999998
,,0,2025-11-25T00:10:00Z,2025-11-25T07:00:00Z,2025-11-25T00:44:56.593Z,corso_IoT,ESP_LEOPIZZI,Lecce,Stanza,-0.05988095238095233,0.08047619047619052,0.9730952380952376,1.3897619047619043,0.6069047619047618,0.45202380952380977,65.3000000000001,0,0,21.678571428571427,18.09999999999998
,,0,2025-11-25T00:10:00Z,2025-11-25T07:00:00Z,2025-11-25T00:46:04.926Z,corso_IoT,ESP_LEOPIZZI,Lecce,Stanza,-0.05948717948717946,0.08012820512820518,0.972564102564102,1.3915384615384612,0.5985897435897437,0.45961538461538465,65.24230769230772,0,0,20.371794871794872,18.099999999999984
,,0,2025-11-25T00:10:00Z,2025-11-25T07:00:00Z,2025-11-25T00:47:13.259Z,corso_IoT,ESP_LEOPIZZI,Lecce,Stanza,-0.05988095238095233,0.0803571428571429,0.972857142857142,1.3592857142857144,0.6035714285714288,0.47630952380952396,65.26190476190473,0,0,29.547619047619047,18.09999999999998
,,0,2025-11-25T00:10:00Z,2025-11-25T07:00:00Z,2025-11-25T00:48:21.592Z,corso_IoT,ESP_LEOPIZZI,Lecce,Stanza,-0.05954022988505741,0.08045977011494258,0.9726436781609188,1.3872413793103446,0.5603448275862067,0.4428735632183907,65.1999999999999,0,0,21.67816091954023,18.099999999999977
,,0,2025-11-25T00:10:00Z,2025-11-25T07:00:00Z,2025-11-25T00:49:29.925Z,corso_IoT,ESP_LEOPIZZI,Lecce,Stanza,-0.0601204819277108,0.08036144578313258,0.9722891566265055,1.3836144578313248,0.576867469879518,0.43313253012048186,65.1999999999999,0,0,22.14457831325301,18.09999999999998
,,0,2025-11-25T00:10:00Z,2025-11-25T07:00:00Z,2025-11-25T00:50:38.258Z,corso_IoT,ESP_LEOPIZZI,Lecce,Stanza,-0.06012820512820511,0.08025641025641031,0.9733333333333325,1.3885897435897439,0.5639743589743591,0.4411538461538462,65.1910256410256,0,0,22.03846153846154,18.150000000000027
,,0,2025-11-25T00:10:00Z,2025-11-25T07:00:00Z,2025-11-25T00:51:46.591Z,corso_IoT,ESP_LEOPIZZI,Lecce,Stanza,-0.05999999999999994,0.08082352941176475,0.9718823529411758,1.340235294117647,0.5735294117647061,0.45482352941176485,65.0635294117647,0,0,23.28235294117647,18.185882352941185
,,0,2025-11-25T00:10:00Z,2025-11-25T07:00:00Z,2025-11-25T00:52:54.924Z,corso_IoT,ESP_LEOPIZZI,Lecce,Stanza,-0.06078947368421055,0.08078947368421056,0.9705263157894732,1.3752631578947363,0.5436842105263159,0.4726315789473685,65.05789473684207,0,0,34.55263157894737,18.200000000000006
,,0,2025-11-25T00:10:00Z,2025-11-25T07:00:00Z,2025-11-25T00:54:03.257Z,corso_IoT,ESP_LEOPIZZI,Lecce,Stanza,-0.05944444444444449,0.08083333333333337,0.9724999999999997,1.3697222222222216,0.5713888888888888,0.4536111111111112,65,0,0,37.72222222222222,18.200000000000003
,,0,2025-11-25T00:10:00Z,2025-11-25T07:00:00Z,2025-11-25T00:55:11.59Z,corso_IoT,ESP_LEOPIZZI,Lecce,Stanza,-0.05999999999999995,0.08059523809523814,0.9727380952380948,1.3530952380952381,0.5860714285714286,0.44285714285714317,64.97380952380945,0,0,27.857142857142858,18.200000000000028
,,0,2025-11-25T00:10:00Z,2025-11-25T07:00:00Z,2025-11-25T00:56:19.923Z,corso_IoT,ESP_LEOPIZZI,Lecce,Stanza,-0.059999999999999956,0.08070588235294122,0.9714117647058816,1.3701176470588232,0.584,0.440470588235294,64.90352941176468,0,0,32.258823529411764,18.19647058823532
,,0,2025-11-25T00:10:00Z,2025-11-25T07:00:00Z,2025-11-25T00:57:28.256Z,corso_IoT,ESP_LEOPIZZI,Lecce,Stanza,-0.06043478260869568,0.08014492753623194,0.9721739130434777,1.3705797101449273,0.5495652173913043,0.45753623188405795,64.90000000000003,0,0,22.985507246376812,18.200000000000024
,,0,2025-11-25T00:10:00Z,2025-11-25T07:00:00Z,2025-11-25T00:58:36.589Z,corso_IoT,ESP_LEOPIZZI,Lecce,Stanza,-0.060281690140845084,0.08126760563380285,0.9723943661971823,1.3481690140845075,0.5390140845070421,0.44436619718309855,64.90000000000002,0,0,24.183098591549296,18.200000000000024
,,0,2025-11-25T00:10:00Z,2025-11-25T07:00:00Z,2025-11-25T00:59:44.922Z,corso_IoT,ESP_LEOPIZZI,Lecce,Stanza,-0.060000000000000005,0.08055555555555559,0.9727777777777769,1.3795833333333334,0.5566666666666666,0.431388888888889,64.89583333333334,0,0,28.805555555555557,18.200000000000024
,,0,2025-11-25T00:10:00Z,2025-11-25T07:00:00Z,2025-11-25T01:00:53.255Z,corso_IoT,ESP_LEOPIZZI,Lecce,Stanza,-0.06026666666666667,0.08053333333333337,0.9722666666666663,1.3822666666666668,0.5833333333333333,0.4235999999999999,64.83733333333339,0,0,23.773333333333333,18.200000000000024
,,0,2025-11-25T00:10:00Z,2025-11-25T07:00:00Z,2025-11-25T01:02:01.588Z,corso_IoT,ESP_LEOPIZZI,Lecce,Stanza,-0.06031250000000004,0.08046875000000003,0.9718749999999992,1.3621874999999999,0.53796875,0.43593750000000003,64.77656249999995,0,0,26.625,18.20000000000002
,,0,2025-11-25T00:10:00Z,2025-11-25T07:00:00Z,2025-11-25T01:03:09.921Z,corso_IoT,ESP_LEOPIZZI,Lecce,Stanza,-0.06067567567567568,0.08054054054054059,0.9722972972972964,1.388513513513513,0.5335135135135137,0.47135135135135137,64.80135135135143,0,0,24.39189189189189,18.200000000000024
,,0,2025-11-25T00:10:00Z,2025-11-25T07:00:00Z,2025-11-25T01:04:18.254Z,corso_IoT,ESP_LEOPIZZI,Lecce,Stanza,-0.06044117647058827,0.0807352941176471,0.9717647058823521,1.3499999999999999,0.6229411764705883,0.42911764705882355,64.7058823529411,0,0,23.970588235294116,18.20000000000002
,,0,2025-11-25T00:10:00Z,2025-11-25T07:00:00Z,2025-11-25T01:05:26.587Z,corso_IoT,ESP_LEOPIZZI,Lecce,Stanza,-0.06043478260869568,0.08043478260869569,0.9711594202898546,1.3721739130434785,0.5673913043478259,0.4442028985507246,64.69999999999992,0,0,24.768115942028984,18.200000000000024
,,0,2025-11-25T00:10:00Z,2025-11-25T07:00:00Z,2025-11-25T01:06:34.92Z,corso_IoT,ESP_LEOPIZZI,Lecce,Stanza,-0.05941176470588238,0.08,0.9717647058823531,1.3652941176470588,0.5082352941176471,0.4729411764705882,64.70000000000002,0,0,20,18.199999999999996
,,0,2025-11-25T00:10:00Z,2025-11-25T07:00:00Z,2025-11-25T01:07:43.253Z,corso_IoT,ESP_LEOPIZZI,Lecce,Stanza,-0.06033333333333337,0.08033333333333337,0.9716666666666663,1.301333333333333,0.6009999999999999,0.41333333333333333,64.68,0,0,28.033333333333335,18.199999999999996
,,0,2025-11-25T00:10:00Z,2025-11-25T07:00:00Z,2025-11-25T01:08:51.586Z,corso_IoT,ESP_LEOPIZZI,Lecce,Stanza,-0.06000000000000003,0.08041666666666669,0.9708333333333332,1.3745833333333335,0.5854166666666667,0.40875,64.59999999999998,0,0,44.375,18.199999999999992
,,0,2025-11-25T00:10:00Z,2025-11-25T07:00:00Z,2025-11-25T01:09:59.919Z,corso_IoT,ESP_LEOPIZZI,Lecce,Stanza,-0.06069767441860468,0.08023255813953492,0.9711627906976739,1.3704651162790695,0.517674418604651,0.46767441860465114,64.59999999999995,0,0,28.488372093023255,18.20000000000001
,,0,2025-11-25T00:10:00Z,2025-11-25T07:00:00Z,2025-11-25T01:11:08.252Z,corso_IoT,ESP_LEOPIZZI,Lecce,Stanza,-0.06111111111111115,0.08166666666666669,0.9722222222222219,1.3977777777777778,0.5497222222222222,0.4380555555555557,64.59999999999997,0,0,31.305555555555557,18.200000000000003
,,0,2025-11-25T00:10:00Z,2025-11-25T07:00:00Z,2025-11-25T01:12:16.585Z,corso_IoT,ESP_LEOPIZZI,Lecce,Stanza,-0.06068493150684934,0.07972602739726031,0.9724657534246567,1.366712328767124,0.6056164383561645,0.4115068493150686,64.55342465753422,0,0,23.726027397260275,18.200000000000024
,,0,2025-11-25T00:10:00Z,2025-11-25T07:00:00Z,2025-11-25T01:13:24.918Z,corso_IoT,ESP_LEOPIZZI,Lecce,Stanza,-0.061000000000000006,0.08014285714285718,0.9709999999999994,1.388428571428571,0.559857142857143,0.439,64.56571428571428,0,0,21.314285714285713,18.200000000000024
,,0,2025-11-25T00:10:00Z,2025-11-25T07:00:00Z,2025-11-25T01:14:33.251Z,corso_IoT,ESP_LEOPIZZI,Lecce,Stanza,-0.06130434782608699,0.08000000000000003,0.9708695652173912,1.337826086956522,0.5347826086956522,0.4026086956521739,64.59565217391302,0,0,27.652173913043477,18.199999999999992
,,0,2025-11-25T00:10:00Z,2025-11-25T07:00:00Z,2025-11-25T01:15:41.584Z,corso_IoT,ESP_LEOPIZZI,Lecce,Stanza,-0.06065217391304352,0.08065217391304352,0.9710869565217386,1.3804347826086956,0.5328260869565217,0.4249999999999999,64.59999999999995,0,0,28.695652173913043,18.200000000000014
,,0,2025-11-25T00:10:00Z,2025-11-25T07:00:00Z,2025-11-25T01:16:49.917Z,corso_IoT,ESP_LEOPIZZI,Lecce,Stanza,-0.060923076923076955,0.08061538461538466,0.9712307692307683,1.3896923076923076,0.4913846153846154,0.4126153846153847,64.59538461538457,0,0,28.73846153846154,18.20000000000002
,,0,2025-11-25T00:10:00Z,2025-11-25T07:00:00Z,2025-11-25T01:17:58.25Z,corso_IoT,ESP_LEOPIZZI,Lecce,Stanza,-0.060781250000000044,0.08109375000000003,0.9718749999999992,1.3734375000000003,0.50796875,0.4496875000000001,64.58281249999995,0,0,23.6875,18.20000000000002
,,0,2025-11-25T00:10:00Z,2025-11-25T07:00:00Z,2025-11-25T01:19:06.583Z,corso_IoT,ESP_LEOPIZZI,Lecce,Stanza,-0.0615116279069767,0.08034883720930237,0.971744186046511,1.3552325581395346,0.5248837209302326,0.39802325581395354,64.5453488372093,0,0,23.488372093023255,18.200000000000028
,,0,2025-11-25T00:10:00Z,2025-11-25T07:00:00Z,2025-11-25T01:20:14.916Z,corso_IoT,ESP_LEOPIZZI,Lecce,Stanza,-0.06107142857142861,0.08071428571428575,0.9705357142857137,1.3778571428571433,0.5010714285714286,0.4071428571428572,64.50892857142857,0,0,29.964285714285715,18.20000000000002
,,0,2025-11-25T00:10:00Z,2025-11-25T07:00:00Z,2025-11-25T01:21:23.249Z,corso_IoT,ESP_LEOPIZZI,Lecce,Stanza,-0.06089552238805973,0.08059701492537316,0.9711940298507455,1.3374626865671642,0.5449253731343285,0.40328358208955234,64.5,0,0,23.432835820895523,18.173134328358216
,,0,2025-11-25T00:10:00Z,2025-11-25T07:00:00Z,2025-11-25T01:22:31.582Z,corso_IoT,ESP_LEOPIZZI,Lecce,Stanza,-0.06060000000000004,0.08040000000000004,0.9721999999999994,1.3357999999999999,0.5832000000000002,0.44380000000000003,64.53999999999998,0,0,25.9,18.168000000000017
,,0,2025-11-25T00:10:00Z,2025-11-25T07:00:00Z,2025-11-25T01:23:39.915Z,corso_IoT,ESP_LEOPIZZI,Lecce,Stanza,0.06471698113207551,0.14584905660377362,0.8569811320754711,1.5969811320754717,0.6528301886792456,0.4109433962264151,64.5,40.56603773584906,0,25.79245283018868,18.19433962264153
,,0,2025-11-25T00:10:00Z,2025-11-25T07:00:00Z,2025-11-25T01:24:48.248Z,corso_IoT,ESP_LEOPIZZI,Lecce,Stanza,0.09806818181818168,0.1656818181818182,0.8255681818181809,1.4098863636363637,0.5796590909090908,0.31193181818181825,64.5,50,0,28.65909090909091,18.196590909090936
,,0,2025-11-25T00:10:00Z,2025-11-25T07:00:00Z,2025-11-25T01:25:56.581Z,corso_IoT,ESP_LEOPIZZI,Lecce,Stanza,0.09773809523809512,0.16714285714285712,0.8239285714285707,1.4174999999999998,0.6147619047619048,0.2961904761904762,64.5,50,0,28.845238095238095,18.171428571428574
,,0,2025-11-25T00:10:00Z,2025-11-25T07:00:00Z,2025-11-25T01:27:04.914Z,corso_IoT,ESP_LEOPIZZI,Lecce,Stanza,0.09795698924731167,0.16688172043010752,0.8236559139784935,1.3982795698924728,0.5497849462365589,0.3492473118279571,64.5,50,0,29.72043010752688,18.1064516129032
,,0,2025-11-25T00:10:00Z,2025-11-25T07:00:00Z,2025-11-25T01:28:13.247Z,corso_IoT,ESP_LEOPIZZI,Lecce,Stanza,0.09863636363636363,0.16840909090909087,0.8236363636363635,1.445227272727273,0.45340909090909104,0.2965909090909091,64.51590909090908,50,0,27.34090909090909,18.100000000000012
,,0,2025-11-25T00:10:00Z,2025-11-25T07:00:00Z,2025-11-25T01:29:21.58Z,corso_IoT,ESP_LEOPIZZI,Lecce,Stanza,0.09878787878787884,0.16909090909090907,0.8212121212121213,1.4206060606060606,0.57,0.3715151515151516,64.53030303030303,50,0,39.57575757575758,18.142424242424244
,,0,2025-11-25T00:10:00Z,2025-11-25T07:00:00Z,2025-11-25T01:30:29.913Z,corso_IoT,ESP_LEOPIZZI,Lecce,Stanza,0.0984615384615385,0.1692307692307692,0.8207692307692307,1.4584615384615383,0.5825641025641025,0.3199999999999999,64.5,50,0,28.76923076923077,18.192307692307697
,,0,2025-11-25T00:10:00Z,2025-11-25T07:00:00Z,2025-11-25T01:31:38.246Z,corso_IoT,ESP_LEOPIZZI,Lecce,Stanza,0.08441860465116284,0.18232558139534882,0.8134883720930232,1.23,0.7723255813953489,0.3162790697674418,64.5,50,0,26.11627906976744,18.20000000000001
,,0,2025-11-25T00:10:00Z,2025-11-25T07:00:00Z,2025-11-25T01:32:46.579Z,corso_IoT,ESP_LEOPIZZI,Lecce,Stanza,0.02,0.2400000000000001,0.7923529411764705,1.3564705882352939,0.5841176470588234,0.49235294117647055,64.48235294117647,50,0,35.23529411764706,18.199999999999996
,,0,2025-11-25T00:10:00Z,2025-11-25T07:00:00Z,2025-11-25T01:33:54.912Z,corso_IoT,ESP_LEOPIZZI,Lecce,Stanza,0.016444444444444452,0.242888888888889,0.7917777777777775,1.3946666666666667,0.5348888888888889,0.44466666666666654,64.41333333333337,50,0,30.133333333333333,18.200000000000014
,,0,2025-11-25T00:10:00Z,2025-11-25T07:00:00Z,2025-11-25T01:35:03.245Z,corso_IoT,ESP_LEOPIZZI,Lecce,Stanza,0.03697674418604653,0.2244186046511628,0.7974418604651158,1.0616279069767436,0.4804651162790696,0.48604651162790713,64.41860465116284,50,0,29.209302325581394,18.20000000000001
,,0,2025-11-25T00:10:00Z,2025-11-25T07:00:00Z,2025-11-25T01:36:11.578Z,corso_IoT,ESP_LEOPIZZI,Lecce,Stanza,0.08000000000000003,0.19,0.8091304347826089,1.387391304347826,0.5821739130434783,0.3539130434782609,64.40000000000002,50,0,45.47826086956522,18.199999999999992
,,0,2025-11-25T00:10:00Z,2025-11-25T07:00:00Z,2025-11-25T01:37:19.911Z,corso_IoT,ESP_LEOPIZZI,Lecce,Stanza,0.08040000000000003,0.19080000000000005,0.81,1.4452,0.5055999999999999,0.3479999999999999,64.40000000000003,50,0,41.16,18.199999999999992
,,0,2025-11-25T00:10:00Z,2025-11-25T07:00:00Z,2025-11-25T01:38:28.244Z,corso_IoT,ESP_LEOPIZZI,Lecce,Stanza,0.07979591836734698,0.19061224489795925,0.8079591836734696,1.4044897959183673,0.5714285714285714,0.35469387755102044,64.40000000000005,50,0,32.10204081632653,18.112244897959197
,,0,2025-11-25T00:10:00Z,2025-11-25T07:00:00Z,2025-11-25T01:39:36.577Z,corso_IoT,ESP_LEOPIZZI,Lecce,Stanza,0.08227272727272729,0.19227272727272726,0.8086363636363637,1.4550000000000003,0.5722727272727274,0.3386363636363636,64.40000000000002,50,0,37.09090909090909,18.127272727272725
,,0,2025-11-25T00:10:00Z,2025-11-25T07:00:00Z,2025-11-25T01:40:44.91Z,corso_IoT,ESP_LEOPIZZI,Lecce,Stanza,0.0617241379310345,0.2003448275862069,0.81,1.4196551724137931,0.6765517241379311,0.3637931034482758,64.4137931034483,50,0,34.241379310344826,18.196551724137926
,,0,2025-11-25T00:10:00Z,2025-11-25T07:00:00Z,2025-11-25T01:41:53.243Z,corso_IoT,ESP_LEOPIZZI,Lecce,Stanza,0.00790697674418605,0.21000000000000008,0.8323255813953483,1.4151162790697673,0.5116279069767441,0.4623255813953488,64.47209302325585,50,0,27.6046511627907,18.20000000000001
,,0,2025-11-25T00:10:00Z,2025-11-25T07:00:00Z,2025-11-25T01:43:01.576Z,corso_IoT,ESP_LEOPIZZI,Lecce,Stanza,0.008048780487804882,0.2102439024390244,0.8307317073170726,1.3412195121951225,0.5295121951219512,0.4302439024390245,64.40000000000005,50,0,33.41463414634146,18.20000000000001
,,0,2025-11-25T00:10:00Z,2025-11-25T07:00:00Z,2025-11-25T01:44:09.909Z,corso_IoT,ESP_LEOPIZZI,Lecce,Stanza,0.009534883720930237,0.21093023255813959,0.8299999999999993,1.3897674418604649,0.5620930232558141,0.411860465116279,64.33023255813956,50,0,33.02325581395349,18.206976744186058
,,0,2025-11-25T00:10:00Z,2025-11-25T07:00:00Z,2025-11-25T01:45:18.242Z,corso_IoT,ESP_LEOPIZZI,Lecce,Stanza,0.008936170212765961,0.2114893617021278,0.8306382978723397,1.3542553191489364,0.5978723404255318,0.4408510638297872,64.26595744680849,50,0,28.829787234042552,18.200000000000014
,,0,2025-11-25T00:10:00Z,2025-11-25T07:00:00Z,2025-11-25T01:46:26.575Z,corso_IoT,ESP_LEOPIZZI,Lecce,Stanza,0.061818181818181835,0.18787878787878787,0.8187878787878786,1.059090909090909,0.7706060606060607,0.35606060606060613,64.25757575757575,50,0,34.90909090909091,18.2
,,0,2025-11-25T00:10:00Z,2025-11-25T07:00:00Z,2025-11-25T01:47:34.908Z,corso_IoT,ESP_LEOPIZZI,Lecce,Stanza,0.09895833333333331,0.1702083333333333,0.8191666666666668,1.3525000000000003,0.5656249999999999,0.35687500000000005,64.19999999999996,50,0,33.125,18.200000000000014
,,0,2025-11-25T00:10:00Z,2025-11-25T07:00:00Z,2025-11-25T01:48:43.241Z,corso_IoT,ESP_LEOPIZZI,Lecce,Stanza,0.1002325581395349,0.16999999999999996,0.8179069767441861,1.4123255813953486,0.5332558139534883,0.394186046511628,64.19999999999997,50,0,27.093023255813954,18.20000000000001
,,0,2025-11-25T00:10:00Z,2025-11-25T07:00:00Z,2025-11-25T01:49:51.574Z,corso_IoT,ESP_LEOPIZZI,Lecce,Stanza,0.10044444444444446,0.16955555555555551,0.8175555555555556,1.431111111111111,0.49222222222222217,0.3635555555555555,64.19999999999997,50,0,31.355555555555554,18.200000000000014
,,0,2025-11-25T00:10:00Z,2025-11-25T07:00:00Z,2025-11-25T01:50:59.907Z,corso_IoT,ESP_LEOPIZZI,Lecce,Stanza,0.10079999999999996,0.16979999999999998,0.8166,1.37,0.5150000000000001,0.4058,64.27200000000006,50,0,27.82,18.166000000000015
,,0,2025-11-25T00:10:00Z,2025-11-25T07:00:00Z,2025-11-25T01:52:08.24Z,corso_IoT,ESP_LEOPIZZI,Lecce,Stanza,0.10269230769230771,0.16999999999999996,0.8153846153846155,1.5069230769230773,0.46923076923076934,0.39961538461538465,64.29999999999997,50,0,28.423076923076923,18.199999999999992
,,0,2025-11-25T00:10:00Z,2025-11-25T07:00:00Z,2025-11-25T01:53:16.573Z,corso_IoT,ESP_LEOPIZZI,Lecce,Stanza,0.10272727272727272,0.16931818181818176,0.8154545454545453,1.3768181818181817,0.49727272727272714,0.3515909090909091,64.29318181818185,50,0,35.70454545454545,18.175000000000008
,,0,2025-11-25T00:10:00Z,2025-11-25T07:00:00Z,2025-11-25T01:54:24.906Z,corso_IoT,ESP_LEOPIZZI,Lecce,Stanza,0.1036,0.16979999999999998,0.8151999999999999,1.4117999999999997,0.4758000000000001,0.4156,64.27400000000003,50,0,31.3,18.150000000000013
,,0,2025-11-25T00:10:00Z,2025-11-25T07:00:00Z,2025-11-25T01:55:33.239Z,corso_IoT,ESP_LEOPIZZI,Lecce,Stanza,0.10468085106382981,0.1689361702127659,0.8140425531914894,1.4191489361702134,0.4872340425531915,0.4053191489361703,64.30000000000004,50,0,31.659574468085108,18.129787234042574
,,0,2025-11-25T00:10:00Z,2025-11-25T07:00:00Z,2025-11-25T01:56:41.572Z,corso_IoT,ESP_LEOPIZZI,Lecce,Stanza,0.10459459459459461,0.1694594594594594,0.8162162162162162,1.3748648648648647,0.512972972972973,0.3878378378378379,64.3,50,0,28.72972972972973,18.191891891891895
,,0,2025-11-25T00:10:00Z,2025-11-25T07:00:00Z,2025-11-25T01:57:49.905Z,corso_IoT,ESP_LEOPIZZI,Lecce,Stanza,0.10520833333333333,0.16999999999999996,0.8137500000000001,1.3806249999999995,0.5616666666666668,0.38729166666666676,64.2083333333333,50,0,30.833333333333332,18.200000000000014
,,0,2025-11-25T00:10:00Z,2025-11-25T07:00:00Z,2025-11-25T01:58:58.238Z,corso_IoT,ESP_LEOPIZZI,Lecce,Stanza,0.1059375,0.16999999999999996,0.8153124999999999,1.4646875000000001,0.54375,0.37281250000000005,64.20000000000003,50,0,34.28125,18.2
,,0,2025-11-25T00:10:00Z,2025-11-25T07:00:00Z,2025-11-25T02:00:06.571Z,corso_IoT,ESP_LEOPIZZI,Lecce,Stanza,0.10727272727272731,0.16999999999999996,0.8113636363636366,1.414545454545455,0.6018181818181817,0.36681818181818177,64.20000000000003,50,0,31.681818181818183,18.199999999999992
,,0,2025-11-25T00:10:00Z,2025-11-25T07:00:00Z,2025-11-25T02:01:14.904Z,corso_IoT,ESP_LEOPIZZI,Lecce,Stanza,0.10683333333333335,0.1698333333333333,0.8128333333333335,1.3791666666666662,0.5250000000000001,0.382,64.19999999999993,50,0,27.216666666666665,18.195000000000018
,,0,2025-11-25T00:10:00Z,2025-11-25T07:00:00Z,2025-11-25T02:02:23.237Z,corso_IoT,ESP_LEOPIZZI,Lecce,Stanza,0.10340909090909096,0.16840909090909087,0.8147727272727273,1.3597727272727271,0.5909090909090909,0.3820454545454545,64.19999999999997,50,0,38.56818181818182,18.15454545454547
,,0,2025-11-25T00:10:00Z,2025-11-25T07:00:00Z,2025-11-25T02:03:31.57Z,corso_IoT,ESP_LEOPIZZI,Lecce,Stanza,0.10740000000000005,0.16959999999999997,0.8130000000000002,1.3917999999999997,0.4946000000000002,0.3688,64.19999999999996,50,0,32.1,18.14400000000002
,,0,2025-11-25T00:10:00Z,2025-11-25T07:00:00Z,2025-11-25T02:04:39.903Z,corso_IoT,ESP_LEOPIZZI,Lecce,Stanza,0.10428571428571433,0.1695238095238095,0.8142857142857145,1.3723809523809525,0.6071428571428572,0.35571428571428576,64.20000000000002,50,0,37.23809523809524,18.19523809523809
,,0,2025-11-25T00:10:00Z,2025-11-25T07:00:00Z,2025-11-25T02:05:48.236Z,corso_IoT,ESP_LEOPIZZI,Lecce,Stanza,0.1061764705882353,0.1694117647058823,0.8123529411764704,1.4388235294117653,0.5276470588235294,0.3926470588235295,64.20000000000002,50,0,41.55882352941177,18.197058823529414
,,0,2025-11-25T00:10:00Z,2025-11-25T07:00:00Z,2025-11-25T02:06:56.569Z,corso_IoT,ESP_LEOPIZZI,Lecce,Stanza,0.10685714285714284,0.1691428571428571,0.8142857142857142,1.4402857142857144,0.4894285714285714,0.3465714285714286,64.20000000000002,50,0,28.685714285714287,18.1257142857143
,,0,2025-11-25T00:10:00Z,2025-11-25T07:00:00Z,2025-11-25T02:08:04.902Z,corso_IoT,ESP_LEOPIZZI,Lecce,Stanza,0.1089130434782609,0.16999999999999996,0.8119565217391305,1.3747826086956523,0.48478260869565226,0.3356521739130436,64.19999999999996,50,0,34.54347826086956,18.100000000000012
,,0,2025-11-25T00:10:00Z,2025-11-25T07:00:00Z,2025-11-25T02:09:13.235Z,corso_IoT,ESP_LEOPIZZI,Lecce,Stanza,0.10813953488372094,0.16906976744186042,0.8127906976744185,1.383488372093023,0.504186046511628,0.34627906976744194,64.19999999999997,50,0,26.023255813953487,18.186046511627918
,,0,2025-11-25T00:10:00Z,2025-11-25T07:00:00Z,2025-11-25T02:10:21.568Z,corso_IoT,ESP_LEOPIZZI,Lecce,Stanza,0.1097222222222222,0.16777777777777775,0.8127777777777777,1.4874999999999996,0.42638888888888876,0.3866666666666666,64.2,50,0,36.083333333333336,18.197222222222226
,,0,2025-11-25T00:10:00Z,2025-11-25T07:00:00Z,2025-11-25T02:11:29.901Z,corso_IoT,ESP_LEOPIZZI,Lecce,Stanza,0.10976744186046511,0.16906976744186045,0.8109302325581393,1.3697674418604653,0.5072093023255815,0.36558139534883716,64.19999999999997,50,0,30.41860465116279,18.146511627906985
,,0,2025-11-25T00:10:00Z,2025-11-25T07:00:00Z,2025-11-25T02:12:38.234Z,corso_IoT,ESP_LEOPIZZI,Lecce,Stanza,0.10979166666666668,0.16937499999999997,0.8110416666666668,1.385,0.4877083333333332,0.39625,64.19999999999996,50,0,33.729166666666664,18.100000000000012
,,0,2025-11-25T00:10:00Z,2025-11-25T07:00:00Z,2025-11-25T02:13:46.567Z,corso_IoT,ESP_LEOPIZZI,Lecce,Stanza,0.11000000000000001,0.1695454545454545,0.8104545454545456,1.387272727272727,0.5868181818181819,0.379090909090909,64.20000000000003,50,0,42.86363636363637,18.10909090909091
,,0,2025-11-25T00:10:00Z,2025-11-25T07:00:00Z,2025-11-25T02:14:54.9Z,corso_IoT,ESP_LEOPIZZI,Lecce,Stanza,0.11000000000000003,0.16999999999999996,0.8104761904761908,1.3333333333333337,0.5304761904761904,0.3628571428571429,64.20000000000002,50,0,32.904761904761905,18.166666666666657
,,0,2025-11-25T00:10:00Z,2025-11-25T07:00:00Z,2025-11-25T02:16:03.233Z,corso_IoT,ESP_LEOPIZZI,Lecce,Stanza,0.10973684210526313,0.1689473684210526,0.8128947368421049,1.3839473684210528,0.5428947368421051,0.35657894736842105,64.04736842105264,50,0,29.710526315789473,18.200000000000006
,,0,2025-11-25T00:10:00Z,2025-11-25T07:00:00Z,2025-11-25T02:17:11.566Z,corso_IoT,ESP_LEOPIZZI,Lecce,Stanza,0.11016666666666676,0.16883333333333328,0.8103333333333337,1.3375,0.5414999999999999,0.3781666666666667,64.01666666666665,50,0,32,18.113333333333344
,,0,2025-11-25T00:10:00Z,2025-11-25T07:00:00Z,2025-11-25T02:18:19.899Z,corso_IoT,ESP_LEOPIZZI,Lecce,Stanza,0.10970588235294115,0.16970588235294115,0.8126470588235293,1.3773529411764702,0.5511764705882354,0.39882352941176474,64.08235294117648,50,0,32.088235294117645,18.10000000000001
,,0,2025-11-25T00:10:00Z,2025-11-25T07:00:00Z,2025-11-25T02:19:28.232Z,corso_IoT,ESP_LEOPIZZI,Lecce,Stanza,0.11019607843137261,0.16921568627450978,0.8101960784313724,1.3735294117647059,0.548235294117647,0.392156862745098,64.04313725490194,50,0,38.21568627450981,18.100000000000012
,,0,2025-11-25T00:10:00Z,2025-11-25T07:00:00Z,2025-11-25T02:20:36.565Z,corso_IoT,ESP_LEOPIZZI,Lecce,Stanza,0.10999999999999997,0.16999999999999996,0.8113333333333332,1.2706666666666664,0.5813333333333333,0.3303333333333334,64.20000000000003,50,0,30.933333333333334,18.10000000000001
,,0,2025-11-25T00:10:00Z,2025-11-25T07:00:00Z,2025-11-25T02:21:44.898Z,corso_IoT,ESP_LEOPIZZI,Lecce,Stanza,0.1096825396825398,0.1695238095238095,0.8107936507936511,1.372698412698413,0.510952380952381,0.399047619047619,64.15238095238091,50,0,27.41269841269841,18.1
,,0,2025-11-25T00:10:00Z,2025-11-25T07:00:00Z,2025-11-25T02:22:53.231Z,corso_IoT,ESP_LEOPIZZI,Lecce,Stanza,0.10914893617021276,0.16978723404255314,0.81,1.3574468085106384,0.556595744680851,0.3591489361702128,64,50,0,28.19148936170213,18.100000000000012
,,0,2025-11-25T00:10:00Z,2025-11-25T07:00:00Z,2025-11-25T02:24:01.564Z,corso_IoT,ESP_LEOPIZZI,Lecce,Stanza,0.10928571428571428,0.16928571428571426,0.8110714285714284,1.3353571428571431,0.5757142857142858,0.3821428571428572,64.10000000000001,50,0,35.32142857142857,18.103571428571435
,,0,2025-11-25T00:10:00Z,2025-11-25T07:00:00Z,2025-11-25T02:25:09.897Z,corso_IoT,ESP_LEOPIZZI,Lecce,Stanza,0.10980769230769237,0.1694230769230769,0.8103846153846157,1.3850000000000002,0.5090384615384616,0.3630769230769231,64,50,0,33.05769230769231,18.10384615384617
,,0,2025-11-25T00:10:00Z,2025-11-25T07:00:00Z,2025-11-25T02:26:18.23Z,corso_IoT,ESP_LEOPIZZI,Lecce,Stanza,0.11,0.16926829268292679,0.8112195121951219,1.4014634146341465,0.521951219512195,0.3834146341463414,64.00975609756097,50,0,31.975609756097562,18.100000000000012
,,0,2025-11-25T00:10:00Z,2025-11-25T07:00:00Z,2025-11-25T02:27:26.563Z,corso_IoT,ESP_LEOPIZZI,Lecce,Stanza,0.11000000000000001,0.16954545454545447,0.8102272727272726,1.3534090909090908,0.5527272727272726,0.35022727272727266,64.01363636363637,50,0,31.15909090909091,18.100000000000012
,,0,2025-11-25T00:10:00Z,2025-11-25T07:00:00Z,2025-11-25T02:28:34.896Z,corso_IoT,ESP_LEOPIZZI,Lecce,Stanza,0.10999999999999997,0.1694117647058823,0.8114705882352939,1.3405882352941179,0.5658823529411765,0.37970588235294117,64,50,0,31.705882352941178,18.10000000000001
,,0,2025-11-25T00:10:00Z,2025-11-25T07:00:00Z,2025-11-25T02:29:43.229Z,corso_IoT,ESP_LEOPIZZI,Lecce,Stanza,0.10966666666666665,0.16866666666666663,0.8103333333333331,1.3239999999999996,0.48533333333333334,0.4233333333333334,64,50,0,40.6,18.10000000000001
,,0,2025-11-25T00:10:00Z,2025-11-25T07:00:00Z,2025-11-25T02:30:51.562Z,corso_IoT,ESP_LEOPIZZI,Lecce,Stanza,0.11000000000000008,0.16964912280701752,0.8107017543859653,1.372280701754386,0.5059649122807017,0.3535087719298246,64,50,0,31.771929824561404,18.100000000000012
,,0,2025-11-25T00:10:00Z,2025-11-25T07:00:00Z,2025-11-25T02:31:59.895Z,corso_IoT,ESP_LEOPIZZI,Lecce,Stanza,0.10955555555555554,0.16866666666666663,0.8104444444444449,1.3432222222222223,0.5143333333333335,0.36488888888888893,64,50,0,24.333333333333332,18.099999999999973
,,0,2025-11-25T00:10:00Z,2025-11-25T07:00:00Z,2025-11-25T02:33:08.228Z,corso_IoT,ESP_LEOPIZZI,Lecce,Stanza,0.10828571428571428,0.1691428571428571,0.8099999999999998,1.3497142857142854,0.5025714285714287,0.340857142857143,63.99714285714286,50,0,42.542857142857144,18.10000000000001
,,0,2025-11-25T00:10:00Z,2025-11-25T07:00:00Z,2025-11-25T02:34:16.561Z,corso_IoT,ESP_LEOPIZZI,Lecce,Stanza,0.10958333333333335,0.1695833333333333,0.8108333333333335,1.3991666666666667,0.4954166666666668,0.38500000000000006,63.97083333333334,50,0,33.875,18.100000000000005
,,0,2025-11-25T00:10:00Z,2025-11-25T07:00:00Z,2025-11-25T02:35:24.894Z,corso_IoT,ESP_LEOPIZZI,Lecce,Stanza,0.11000000000000004,0.1680851063829787,0.8104255319148934,1.358723404255319,0.5587234042553191,0.32936170212765953,63.927659574468144,50,0,37.829787234042556,18.100000000000012
,,0,2025-11-25T00:10:00Z,2025-11-25T07:00:00Z,2025-11-25T02:36:33.227Z,corso_IoT,ESP_LEOPIZZI,Lecce,Stanza,0.11000000000000007,0.16899999999999998,0.8115999999999997,1.3708000000000005,0.5271999999999999,0.349,63.94200000000004,50,0,29.82,18.100000000000012
,,0,2025-11-25T00:10:00Z,2025-11-25T07:00:00Z,2025-11-25T02:37:41.56Z,corso_IoT,ESP_LEOPIZZI,Lecce,Stanza,0.10923076923076923,0.16961538461538458,0.8107692307692307,1.3399999999999999,0.5126923076923077,0.34692307692307683,63.90000000000002,50,0,27.76923076923077,18.10000000000001
,,0,2025-11-25T00:10:00Z,2025-11-25T07:00:00Z,2025-11-25T02:38:49.893Z,corso_IoT,ESP_LEOPIZZI,Lecce,Stanza,0.11000000000000007,0.16865384615384615,0.8105769230769232,1.3921153846153844,0.47365384615384615,0.35461538461538455,63.900000000000055,50,0,30.596153846153847,18.100000000000016
,,0,2025-11-25T00:10:00Z,2025-11-25T07:00:00Z,2025-11-25T02:39:58.226Z,corso_IoT,ESP_LEOPIZZI,Lecce,Stanza,0.11000000000000001,0.16909090909090904,0.810909090909091,1.4163636363636367,0.555909090909091,0.32227272727272727,63.900000000000006,50,0,34.18181818181818,18.100000000000005
,,0,2025-11-25T00:10:00Z,2025-11-25T07:00:00Z,2025-11-25T02:41:06.559Z,corso_IoT,ESP_LEOPIZZI,Lecce,Stanza,0.10966666666666665,0.16899999999999998,0.8096666666666666,1.371,0.5003333333333333,0.3670000000000001,63.90000000000003,50,0,37.86666666666667,18.11000000000001
,,0,2025-11-25T00:10:00Z,2025-11-25T07:00:00Z,2025-11-25T02:42:14.892Z,corso_IoT,ESP_LEOPIZZI,Lecce,Stanza,0.1100000000000001,0.16932203389830502,0.8096610169491525,1.3810169491525417,0.47711864406779675,0.36288135593220333,63.90000000000006,50,0,30.8135593220339,18.149152542372907
,,0,2025-11-25T00:10:00Z,2025-11-25T07:00:00Z,2025-11-25T02:43:23.225Z,corso_IoT,ESP_LEOPIZZI,Lecce,Stanza,0.10980392156862748,0.16882352941176465,0.8098039215686276,1.358039215686274,0.5035294117647061,0.3841176470588237,63.81568627450984,50,0,28.529411764705884,18.1450980392157
,,0,2025-11-25T00:10:00Z,2025-11-25T07:00:00Z,2025-11-25T02:44:31.558Z,corso_IoT,ESP_LEOPIZZI,Lecce,Stanza,0.10972972972972969,0.16864864864864862,0.8099999999999996,1.3940540540540542,0.5264864864864865,0.36972972972972984,63.8081081081081,50,0,36.86486486486486,18.137837837837846
,,0,2025-11-25T00:10:00Z,2025-11-25T07:00:00Z,2025-11-25T02:45:39.891Z,corso_IoT,ESP_LEOPIZZI,Lecce,Stanza,0.11000000000000001,0.1695454545454545,0.810909090909091,1.3713636363636363,0.6363636363636364,0.3504545454545455,63.813636363636334,50,0,37.68181818181818,18.100000000000005
,,0,2025-11-25T00:10:00Z,2025-11-25T07:00:00Z,2025-11-25T02:46:48.224Z,corso_IoT,ESP_LEOPIZZI,Lecce,Stanza,0.09484848484848488,0.17696969696969694,0.8087878787878789,1.3239393939393942,0.4772727272727274,0.4469696969696969,63.88181818181822,50,0,30.515151515151516,18.10000000000001
,,0,2025-11-25T00:10:00Z,2025-11-25T07:00:00Z,2025-11-25T02:47:56.557Z,corso_IoT,ESP_LEOPIZZI,Lecce,Stanza,0.2,0.048888888888888905,0.8344444444444444,2.438888888888888,0.6622222222222224,0.5055555555555555,64.02777777777777,50,0,45.27777777777778,18.161111111111104
,,0,2025-11-25T00:10:00Z,2025-11-25T07:00:00Z,2025-11-25T02:49:04.89Z,corso_IoT,ESP_LEOPIZZI,Lecce,Stanza,0.23064935064935094,0.030129870129870128,0.8319480519480512,1.3016883116883116,0.5048051948051948,0.43714285714285717,63.92207792207791,50,0,26.07792207792208,18.12207792207791
,,0,2025-11-25T00:10:00Z,2025-11-25T07:00:00Z,2025-11-25T02:50:13.223Z,corso_IoT,ESP_LEOPIZZI,Lecce,Stanza,0.23431818181818187,0.031022727272727237,0.8271590909090896,1.3161363636363639,0.5625000000000001,0.4485227272727271,63.89431818181816,50,0,26.03409090909091,18.130681818181827
,,0,2025-11-25T00:10:00Z,2025-11-25T07:00:00Z,2025-11-25T02:51:21.556Z,corso_IoT,ESP_LEOPIZZI,Lecce,Stanza,0.23487500000000008,0.031124999999999986,0.8259999999999994,1.3152500000000005,0.52525,0.44925000000000004,63.86124999999995,50,0,28.8375,18.099999999999984
,,0,2025-11-25T00:10:00Z,2025-11-25T07:00:00Z,2025-11-25T02:52:29.889Z,corso_IoT,ESP_LEOPIZZI,Lecce,Stanza,0.23607142857142877,0.03250000000000002,0.8255357142857138,1.3169642857142854,0.5551785714285715,0.44839285714285715,63.900000000000055,50,0,24.839285714285715,18.100000000000016
,,0,2025-11-25T00:10:00Z,2025-11-25T07:00:00Z,2025-11-25T02:53:38.222Z,corso_IoT,ESP_LEOPIZZI,Lecce,Stanza,0.238082191780822,0.031232876712328772,0.8239726027397256,1.3169863013698633,0.523972602739726,0.45438356164383564,63.942465753424635,50,0,31.958904109589042,18.09999999999999
,,0,2025-11-25T00:10:00Z,2025-11-25T07:00:00Z,2025-11-25T02:54:46.555Z,corso_IoT,ESP_LEOPIZZI,Lecce,Stanza,0.23865384615384633,0.034423076923076945,0.8211538461538461,1.3257692307692308,0.5007692307692309,0.42326923076923073,63.94230769230772,50,0,32.05769230769231,18.100000000000016
,,0,2025-11-25T00:10:00Z,2025-11-25T07:00:00Z,2025-11-25T02:55:54.888Z,corso_IoT,ESP_LEOPIZZI,Lecce,Stanza,0.23973684210526314,0.03289473684210526,0.8226315789473683,1.2949999999999997,0.5652631578947368,0.44065789473684225,63.9,50,0,25.973684210526315,18.099999999999987
,,0,2025-11-25T00:10:00Z,2025-11-25T07:00:00Z,2025-11-25T02:57:03.221Z,corso_IoT,ESP_LEOPIZZI,Lecce,Stanza,0.23968750000000016,0.03390625000000001,0.8220312499999999,1.2606249999999994,0.54359375,0.45312500000000006,63.90000000000006,50,0,23.859375,18.1
,,0,2025-11-25T00:10:00Z,2025-11-25T07:00:00Z,2025-11-25T02:58:11.554Z,corso_IoT,ESP_LEOPIZZI,Lecce,Stanza,0.2395238095238096,0.03380952380952382,0.8185714285714288,1.249523809523809,0.5366666666666666,0.39428571428571435,63.900000000000006,50,0,52.95238095238095,18.100000000000005
,,0,2025-11-25T00:10:00Z,2025-11-25T07:00:00Z,2025-11-25T02:59:19.887Z,corso_IoT,ESP_LEOPIZZI,Lecce,Stanza,0.24016666666666683,0.034166666666666685,0.819666666666667,1.2761666666666671,0.545,0.45150000000000007,63.84500000000003,50,0,25.2,18.10000000000001
,,0,2025-11-25T00:10:00Z,2025-11-25T07:00:00Z,2025-11-25T03:00:28.22Z,corso_IoT,ESP_LEOPIZZI,Lecce,Stanza,0.24075000000000016,0.033500000000000016,0.8200000000000001,1.2912499999999993,0.5397500000000002,0.47350000000000014,63.89000000000004,50,0,25.2,18.100000000000012
,,0,2025-11-25T00:10:00Z,2025-11-25T07:00:00Z,2025-11-25T03:01:36.553Z,corso_IoT,ESP_LEOPIZZI,Lecce,Stanza,0.24083333333333345,0.03333333333333335,0.82125,1.3350000000000002,0.6116666666666666,0.49249999999999994,63.90000000000001,50,0,38.833333333333336,18.100000000000005
,,0,2025-11-25T00:10:00Z,2025-11-25T07:00:00Z,2025-11-25T03:02:44.886Z,corso_IoT,ESP_LEOPIZZI,Lecce,Stanza,0.24075949367088598,0.03518987341772152,0.818860759493671,1.3088607594936705,0.5248101265822787,0.4859493670886074,63.92784810126586,50,0,29.620253164556964,18.072151898734184
,,0,2025-11-25T00:10:00Z,2025-11-25T07:00:00Z,2025-11-25T03:03:53.219Z,corso_IoT,ESP_LEOPIZZI,Lecce,Stanza,0.2404166666666668,0.03625000000000001,0.8200000000000002,1.3120833333333326,0.6145833333333334,0.4629166666666667,63.933333333333344,50,0,39.333333333333336,18.066666666666674
,,0,2025-11-25T00:10:00Z,2025-11-25T07:00:00Z,2025-11-25T03:05:01.552Z,corso_IoT,ESP_LEOPIZZI,Lecce,Stanza,0.24508474576271194,0.03694915254237291,0.8157627118644074,1.282033898305084,0.5671186440677967,0.46237288135593224,63.95932203389832,50,0,33.66101694915254,18.040677966101697
,,0,2025-11-25T00:10:00Z,2025-11-25T07:00:00Z,2025-11-25T03:06:09.885Z,corso_IoT,ESP_LEOPIZZI,Lecce,Stanza,0.24518072289156623,0.03759036144578312,0.8130120481927718,1.2819277108433733,0.5461445783132535,0.44240963855421667,63.93373493975899,50,0,28.759036144578314,18.06626506024094
,,0,2025-11-25T00:10:00Z,2025-11-25T07:00:00Z,2025-11-25T03:07:18.218Z,corso_IoT,ESP_LEOPIZZI,Lecce,Stanza,0.2455263157894738,0.03842105263157897,0.8123684210526313,1.2971052631578952,0.5889473684210527,0.48763157894736847,63.93157894736845,50,0,39.60526315789474,18.068421052631585
,,0,2025-11-25T00:10:00Z,2025-11-25T07:00:00Z,2025-11-25T03:08:26.551Z,corso_IoT,ESP_LEOPIZZI,Lecce,Stanza,0.24631578947368418,0.03842105263157895,0.8168421052631581,1.3505263157894738,0.5410526315789475,0.403157894736842,63.88421052631579,50,0,32.89473684210526,18.1
,,0,2025-11-25T00:10:00Z,2025-11-25T07:00:00Z,2025-11-25T03:09:34.884Z,corso_IoT,ESP_LEOPIZZI,Lecce,Stanza,0.27754716981132055,0.01679245283018869,0.7999999999999998,1.2667924528301884,0.6354716981132077,0.45547169811320737,63.90566037735854,50,0,37.20754716981132,18.08301886792454
,,0,2025-11-25T00:10:00Z,2025-11-25T07:00:00Z,2025-11-25T03:10:43.217Z,corso_IoT,ESP_LEOPIZZI,Lecce,Stanza,0.2788235294117647,0.015000000000000006,0.7988235294117649,1.281470588235294,0.5570588235294118,0.5111764705882352,64.03235294117644,50,0,25.794117647058822,18
,,0,2025-11-25T00:10:00Z,2025-11-25T07:00:00Z,2025-11-25T03:11:51.55Z,corso_IoT,ESP_LEOPIZZI,Lecce,Stanza,0.2801265822784811,0.014936708860759504,0.7991139240506319,1.2889873417721522,0.5536708860759495,0.4670886075949367,64.09620253164559,50,0,25.556962025316455,18
,,0,2025-11-25T00:10:00Z,2025-11-25T07:00:00Z,2025-11-25T03:12:59.883Z,corso_IoT,ESP_LEOPIZZI,Lecce,Stanza,0.2802857142857143,0.015000000000000006,0.7979999999999992,1.2967142857142855,0.543857142857143,0.494142857142857,64.09999999999998,50,0,29.228571428571428,18
,,0,2025-11-25T00:10:00Z,2025-11-25T07:00:00Z,2025-11-25T03:14:08.216Z,corso_IoT,ESP_LEOPIZZI,Lecce,Stanza,0.28108108108108104,0.015405405405405413,0.7989189189189193,1.2805405405405403,0.5589189189189189,0.47135135135135137,64.09999999999995,50,0,33.86486486486486,18
,,0,2025-11-25T00:10:00Z,2025-11-25T07:00:00Z,2025-11-25T03:15:16.549Z,corso_IoT,ESP_LEOPIZZI,Lecce,Stanza,0.28040000000000015,0.015200000000000005,0.7976000000000001,1.3064000000000002,0.5592,0.5024000000000001,64.09999999999997,50,0,41.92,18
,,0,2025-11-25T00:10:00Z,2025-11-25T07:00:00Z,2025-11-25T03:16:24.882Z,corso_IoT,ESP_LEOPIZZI,Lecce,Stanza,0.279871794871795,0.013205128205128211,0.8017948717948713,1.1307692307692307,0.6412820512820515,0.5650000000000003,64.10000000000001,50,0,25.653846153846153,18
,,0,2025-11-25T00:10:00Z,2025-11-25T07:00:00Z,2025-11-25T03:17:33.215Z,corso_IoT,ESP_LEOPIZZI,Lecce,Stanza,0.2729999999999999,0.02140000000000001,0.7981999999999999,1.268,0.7306,0.45800000000000013,64.09999999999995,50,0,27.78,18
,,0,2025-11-25T00:10:00Z,2025-11-25T07:00:00Z,2025-11-25T03:18:41.548Z,corso_IoT,ESP_LEOPIZZI,Lecce,Stanza,0.2598823529411768,0.04152941176470589,0.7965882352941169,1.2892941176470591,0.5863529411764707,0.48729411764705893,64.10000000000004,50,0,26.341176470588234,18
,,0,2025-11-25T00:10:00Z,2025-11-25T07:00:00Z,2025-11-25T03:19:49.881Z,corso_IoT,ESP_LEOPIZZI,Lecce,Stanza,0.2716853932584272,0.02471910112359548,0.7979775280898874,1.4107865168539324,0.3786516853932584,0.5607865168539325,64.10000000000005,49.438202247191015,0,27.415730337078653,18
,,0,2025-11-25T00:10:00Z,2025-11-25T07:00:00Z,2025-11-25T03:20:58.214Z,corso_IoT,ESP_LEOPIZZI,Lecce,Stanza,0.2804838709677418,0.006129032258064519,0.8038709677419352,1.2783870967741933,0.5711290322580646,0.48838709677419356,64.1290322580645,50,0,24.677419354838708,18
,,0,2025-11-25T00:10:00Z,2025-11-25T07:00:00Z,2025-11-25T03:22:06.547Z,corso_IoT,ESP_LEOPIZZI,Lecce,Stanza,0.28512195121951234,0.004878048780487806,0.8009756097560976,1.2543902439024386,0.5778048780487806,0.47536585365853656,64.17804878048776,50,0,33.58536585365854,18
,,0,2025-11-25T00:10:00Z,2025-11-25T07:00:00Z,2025-11-25T03:23:14.88Z,corso_IoT,ESP_LEOPIZZI,Lecce,Stanza,0.30451612903225816,0.0003225806451612903,0.78241935483871,1.254193548387097,0.5927419354838711,0.48483870967741916,64.09999999999994,50,0,28.806451612903224,18
,,0,2025-11-25T00:10:00Z,2025-11-25T07:00:00Z,2025-11-25T03:24:23.213Z,corso_IoT,ESP_LEOPIZZI,Lecce,Stanza,0.307121212121212,0.0009090909090909092,0.7809090909090916,1.278030303030303,0.6028787878787879,0.45833333333333337,64.1727272727273,50,0,30.59090909090909,18
,,0,2025-11-25T00:10:00Z,2025-11-25T07:00:00Z,2025-11-25T03:25:31.546Z,corso_IoT,ESP_LEOPIZZI,Lecce,Stanza,0.30672131147540993,0.0003278688524590164,0.781147540983607,1.2718032786885247,0.5057377049180328,0.4811475409836065,64.2901639344263,50,0,29.311475409836067,18
,,0,2025-11-25T00:10:00Z,2025-11-25T07:00:00Z,2025-11-25T03:26:39.879Z,corso_IoT,ESP_LEOPIZZI,Lecce,Stanza,0.3071698113207549,0.0011320754716981133,0.7824528301886795,1.2905660377358485,0.5898113207547169,0.4966037735849058,64.28867924528306,50,0,27.58490566037736,18
,,0,2025-11-25T00:10:00Z,2025-11-25T07:00:00Z,2025-11-25T03:27:48.212Z,corso_IoT,ESP_LEOPIZZI,Lecce,Stanza,0.023488372093023267,0.10965116279069767,0.9063953488372078,1.5847674418604647,0.3931395348837209,0.4550000000000001,64.2953488372094,2.3255813953488373,0,24.453488372093023,18
,,0,2025-11-25T00:10:00Z,2025-11-25T07:00:00Z,2025-11-25T03:28:56.545Z,corso_IoT,ESP_LEOPIZZI,Lecce,Stanza,0.012921348314606751,0.11078651685393258,0.9119101123595494,1.2577528089887642,0.5820224719101126,0.532696629213483,64.1033707865169,0,0,20.60674157303371,18.00337078651685
,,0,2025-11-25T00:10:00Z,2025-11-25T07:00:00Z,2025-11-25T03:30:04.878Z,corso_IoT,ESP_LEOPIZZI,Lecce,Stanza,0.013454545454545462,0.11109090909090917,0.9107272727272717,1.2825454545454547,0.5729090909090909,0.5296363636363635,64.08909090909086,0,0,28.418181818181818,18.01090909090909
,,0,2025-11-25T00:10:00Z,2025-11-25T07:00:00Z,2025-11-25T03:31:13.211Z,corso_IoT,ESP_LEOPIZZI,Lecce,Stanza,0.014693877551020416,0.11122448979591842,0.9114285714285708,1.2751020408163267,0.5940816326530612,0.5716326530612245,64.09999999999995,0,0,29.346938775510203,18
,,0,2025-11-25T00:10:00Z,2025-11-25T07:00:00Z,2025-11-25T03:32:21.544Z,corso_IoT,ESP_LEOPIZZI,Lecce,Stanza,0.019166666666666676,0.11933333333333339,0.9036666666666656,1.456666666666667,0.48350000000000004,0.5516666666666666,64.09999999999994,1.6666666666666667,0,20.6,18
,,0,2025-11-25T00:10:00Z,2025-11-25T07:00:00Z,2025-11-25T03:33:29.877Z,corso_IoT,ESP_LEOPIZZI,Lecce,Stanza,0.020000000000000007,0.12291666666666672,0.8995833333333332,1.2683333333333335,0.6045833333333333,0.5987499999999999,64.09999999999998,0,0,20.041666666666668,18
,,0,2025-11-25T00:10:00Z,2025-11-25T07:00:00Z,2025-11-25T03:34:38.21Z,corso_IoT,ESP_LEOPIZZI,Lecce,Stanza,0.013404255319148944,0.11510638297872347,0.9085106382978716,1.2523404255319148,0.5897872340425532,0.5897872340425533,64.14255319148933,0,0,22.829787234042552,18
,,0,2025-11-25T00:10:00Z,2025-11-25T07:00:00Z,2025-11-25T03:35:46.543Z,corso_IoT,ESP_LEOPIZZI,Lecce,Stanza,0.010000000000000004,0.1146666666666667,0.9106666666666666,1.230333333333333,0.5726666666666667,0.533,64.09999999999997,0,0,29.3,18
,,0,2025-11-25T00:10:00Z,2025-11-25T07:00:00Z,2025-11-25T03:36:54.876Z,corso_IoT,ESP_LEOPIZZI,Lecce,Stanza,0.011470588235294123,0.11382352941176471,0.9108823529411767,1.2385294117647057,0.571764705882353,0.5370588235294116,64.0911764705882,0,0,23.470588235294116,18.008823529411767
,,0,2025-11-25T00:10:00Z,2025-11-25T07:00:00Z,2025-11-25T03:38:03.209Z,corso_IoT,ESP_LEOPIZZI,Lecce,Stanza,0.011578947368421057,0.1142105263157895,0.9094736842105263,1.1942105263157894,0.6099999999999999,0.5526315789473685,64.1,0,0,23.210526315789473,18
,,0,2025-11-25T00:10:00Z,2025-11-25T07:00:00Z,2025-11-25T03:39:11.542Z,corso_IoT,ESP_LEOPIZZI,Lecce,Stanza,0.012000000000000005,0.11533333333333336,0.91,1.2303333333333335,0.6216666666666666,0.547,64.09999999999997,0,0,22.066666666666666,18
,,0,2025-11-25T00:10:00Z,2025-11-25T07:00:00Z,2025-11-25T03:40:19.875Z,corso_IoT,ESP_LEOPIZZI,Lecce,Stanza,0.011000000000000006,0.11600000000000012,0.9093333333333322,1.2248333333333332,0.6448333333333333,0.5631666666666665,64.09999999999994,0,0,23.333333333333332,18
,,0,2025-11-25T00:10:00Z,2025-11-25T07:00:00Z,2025-11-25T03:41:28.208Z,corso_IoT,ESP_LEOPIZZI,Lecce,Stanza,0.017428571428571432,0.11685714285714288,0.9074285714285715,1.3062857142857145,1.020285714285714,0.1428571428571428,64.09999999999997,2.857142857142857,0,26.97142857142857,18
,,0,2025-11-25T00:10:00Z,2025-11-25T07:00:00Z,2025-11-25T03:42:36.541Z,corso_IoT,ESP_LEOPIZZI,Lecce,Stanza,0.06775510204081629,0.041428571428571453,0.9332653061224486,0.6951020408163268,1.041020408163265,0.49591836734693895,64.09999999999995,2.0408163265306123,0,28.93877551020408,18
,,0,2025-11-25T00:10:00Z,2025-11-25T07:00:00Z,2025-11-25T03:43:44.874Z,corso_IoT,ESP_LEOPIZZI,Lecce,Stanza,0.06980392156862741,0.03215686274509806,0.9401960784313722,1.2854901960784315,0.6339215686274509,0.5058823529411763,64.09999999999995,0,0,21.49019607843137,18
,,0,2025-11-25T00:10:00Z,2025-11-25T07:00:00Z,2025-11-25T03:44:53.207Z,corso_IoT,ESP_LEOPIZZI,Lecce,Stanza,0.07200000000000002,0.03414285714285715,0.9374285714285711,1.2638571428571421,0.6190000000000002,0.5210000000000002,64.14285714285714,0,0,27.214285714285715,18
,,0,2025-11-25T00:10:00Z,2025-11-25T07:00:00Z,2025-11-25T03:46:01.54Z,corso_IoT,ESP_LEOPIZZI,Lecce,Stanza,0.07338235294117647,0.03573529411764707,0.9357352941176464,1.2474999999999998,0.6542647058823533,0.4942647058823533,64.28823529411773,0,0,22.16176470588235,18
,,0,2025-11-25T00:10:00Z,2025-11-25T07:00:00Z,2025-11-25T03:47:09.873Z,corso_IoT,ESP_LEOPIZZI,Lecce,Stanza,0.07230769230769235,0.03576923076923078,0.9369230769230769,1.267692307692308,0.6265384615384615,0.5784615384615385,64.29999999999997,0,0,56.65384615384615,18
,,0,2025-11-25T00:10:00Z,2025-11-25T07:00:00Z,2025-11-25T03:48:18.206Z,corso_IoT,ESP_LEOPIZZI,Lecce,Stanza,-0.09442307692307692,0.011538461538461532,1.008846153846153,2.010384615384616,0.7048076923076921,0.5390384615384616,64.3538461538462,7.6923076923076925,0,26.634615384615383,18
,,0,2025-11-25T00:10:00Z,2025-11-25T07:00:00Z,2025-11-25T03:49:26.539Z,corso_IoT,ESP_LEOPIZZI,Lecce,Stanza,-0.1398809523809525,-0.026785714285714284,1.0489285714285705,1.2872619047619052,0.6390476190476193,0.5617857142857143,64.3000000000001,0,0,21.94047619047619,18
,,0,2025-11-25T00:10:00Z,2025-11-25T07:00:00Z,2025-11-25T03:50:34.872Z,corso_IoT,ESP_LEOPIZZI,Lecce,Stanza,-0.1404651162790699,-0.029651162790697648,1.0502325581395338,1.2863953488372082,0.6290697674418602,0.5761627906976745,64.3000000000001,0,0,24.302325581395348,18
,,0,2025-11-25T00:10:00Z,2025-11-25T07:00:00Z,2025-11-25T03:51:43.205Z,corso_IoT,ESP_LEOPIZZI,Lecce,Stanza,-0.1405479452054795,-0.02986301369863014,1.0506849315068485,1.2920547945205476,0.6163013698630139,0.5484931506849315,64.30000000000008,0,0,28.47945205479452,18
,,0,2025-11-25T00:10:00Z,2025-11-25T07:00:00Z,2025-11-25T03:52:51.538Z,corso_IoT,ESP_LEOPIZZI,Lecce,Stanza,-0.14133333333333337,-0.03000000000000002,1.0490000000000002,1.2736666666666667,0.6443333333333335,0.5363333333333333,64.29999999999997,0,0,39.36666666666667,18
,,0,2025-11-25T00:10:00Z,2025-11-25T07:00:00Z,2025-11-25T03:53:59.871Z,corso_IoT,ESP_LEOPIZZI,Lecce,Stanza,-0.1435483870967742,-0.030161290322580667,1.0503225806451602,1.3038709677419353,0.6701612903225808,0.5501612903225807,64.30000000000007,0,0,21.387096774193548,18
,,0,2025-11-25T00:10:00Z,2025-11-25T07:00:00Z,2025-11-25T03:55:08.204Z,corso_IoT,ESP_LEOPIZZI,Lecce,Stanza,-0.147,-0.031000000000000017,1.0510000000000002,1.233,0.6585,0.555,64.29999999999998,0,0,46.35,18
,,0,2025-11-25T00:10:00Z,2025-11-25T07:00:00Z,2025-11-25T03:56:16.537Z,corso_IoT,ESP_LEOPIZZI,Lecce,Stanza,-0.1427777777777778,-0.03111111111111112,1.0516666666666667,1.3077777777777777,0.6661111111111112,0.5555555555555556,64.29999999999998,0,0,33.333333333333336,18
,,0,2025-11-25T00:10:00Z,2025-11-25T07:00:00Z,2025-11-25T03:57:24.87Z,corso_IoT,ESP_LEOPIZZI,Lecce,Stanza,-0.1427083333333333,-0.03166666666666668,1.0512499999999996,1.2581249999999997,0.6172916666666667,0.5758333333333333,64.30000000000004,0,0,27.625,18
,,0,2025-11-25T00:10:00Z,2025-11-25T07:00:00Z,2025-11-25T03:58:33.203Z,corso_IoT,ESP_LEOPIZZI,Lecce,Stanza,-0.14333333333333328,-0.028750000000000022,1.05,1.2837500000000002,0.62875,0.5266666666666667,64.30000000000004,0,0,22.333333333333332,18
,,0,2025-11-25T00:10:00Z,2025-11-25T07:00:00Z,2025-11-25T03:59:41.536Z,corso_IoT,ESP_LEOPIZZI,Lecce,Stanza,-0.13011904761904777,-0.0004761904761904762,1.033809523809525,1.2783333333333333,0.6715476190476192,0.5371428571428573,64.3000000000001,0,0,27.571428571428573,18
,,0,2025-11-25T00:10:00Z,2025-11-25T07:00:00Z,2025-11-25T04:00:49.869Z,corso_IoT,ESP_LEOPIZZI,Lecce,Stanza,-0.12969230769230766,-0.00015384615384615385,1.033846153846154,1.267076923076923,0.6635384615384616,0.5407692307692307,64.30000000000007,0,0,23.353846153846153,18
,,0,2025-11-25T00:10:00Z,2025-11-25T07:00:00Z,2025-11-25T04:05:23.201Z,corso_IoT,ESP_LEOPIZZI,Lecce,Stanza,-0.12933333333333327,-0.0013333333333333333,1.0330000000000001,1.286,0.6483333333333333,0.5083333333333334,64.1733333333333,0,0,39.7,18.040000000000003
,,0,2025-11-25T00:10:00Z,2025-11-25T07:00:00Z,2025-11-25T04:06:31.534Z,corso_IoT,ESP_LEOPIZZI,Lecce,Stanza,-0.12964705882352953,-0.0008235294117647059,1.0355294117647067,1.2495294117647062,0.6777647058823529,0.524,64.10705882352947,0,0,24.847058823529412,18
,,0,2025-11-25T00:10:00Z,2025-11-25T07:00:00Z,2025-11-25T04:07:39.867Z,corso_IoT,ESP_LEOPIZZI,Lecce,Stanza,-0.12988372093023273,-0.0009302325581395349,1.0323255813953498,1.269418604651163,0.6500000000000001,0.5272093023255812,64.1627906976745,0,0,28.267441860465116,18
,,0,2025-11-25T00:10:00Z,2025-11-25T07:00:00Z,2025-11-25T04:08:48.2Z,corso_IoT,ESP_LEOPIZZI,Lecce,Stanza,-0.12999999999999992,-0.0009090909090909091,1.033636363636364,1.2809090909090908,0.6815151515151516,0.5196969696969695,64.28181818181815,0,0,30.727272727272727,18
,,0,2025-11-25T00:10:00Z,2025-11-25T07:00:00Z,2025-11-25T04:09:56.533Z,corso_IoT,ESP_LEOPIZZI,Lecce,Stanza,-0.12818181818181815,-0.0018181818181818182,1.0318181818181817,1.2363636363636366,0.6445454545454546,0.5290909090909092,64.29999999999998,0,0,21.181818181818183,18
,,0,2025-11-25T00:10:00Z,2025-11-25T07:00:00Z,2025-11-25T04:11:04.866Z,corso_IoT,ESP_LEOPIZZI,Lecce,Stanza,-0.12999999999999992,-0.0007142857142857143,1.0317857142857145,1.2871428571428571,0.6799999999999999,0.4728571428571429,64.15714285714282,0,0,38.5,18
,,0,2025-11-25T00:10:00Z,2025-11-25T07:00:00Z,2025-11-25T04:12:13.199Z,corso_IoT,ESP_LEOPIZZI,Lecce,Stanza,-0.12999999999999992,-0.00044444444444444447,1.0346666666666668,1.3024444444444445,0.6693333333333333,0.5286666666666666,64.09999999999995,0,0,21.42222222222222,18
,,0,2025-11-25T00:10:00Z,2025-11-25T07:00:00Z,2025-11-25T04:13:21.532Z,corso_IoT,ESP_LEOPIZZI,Lecce,Stanza,-0.1295999999999999,-0.001,1.0348,1.2670000000000001,0.6126000000000001,0.5371999999999999,64.20800000000001,0,0,26.92,18
,,0,2025-11-25T00:10:00Z,2025-11-25T07:00:00Z,2025-11-25T04:14:29.865Z,corso_IoT,ESP_LEOPIZZI,Lecce,Stanza,-0.1305555555555555,-0.003888888888888889,1.0349999999999997,1.8505555555555557,0.49388888888888893,0.6627777777777778,64.29999999999998,2.7777777777777777,0,41.388888888888886,18
,,0,2025-11-25T00:10:00Z,2025-11-25T07:00:00Z,2025-11-25T04:15:38.198Z,corso_IoT,ESP_LEOPIZZI,Lecce,Stanza,-0.11178571428571434,0.10714285714285718,0.9557142857142854,0.6667857142857142,0.8285714285714286,0.5310714285714286,64.29999999999997,10.714285714285714,0,34.607142857142854,18
,,0,2025-11-25T00:10:00Z,2025-11-25T07:00:00Z,2025-11-25T04:16:46.531Z,corso_IoT,ESP_LEOPIZZI,Lecce,Stanza,-0.10285714285714291,0.11952380952380957,0.9495238095238092,1.310952380952381,0.6842857142857144,0.4652380952380953,64.29999999999998,0,0,45.666666666666664,18
,,0,2025-11-25T00:10:00Z,2025-11-25T07:00:00Z,2025-11-25T04:17:54.864Z,corso_IoT,ESP_LEOPIZZI,Lecce,Stanza,-0.10194444444444448,0.12027777777777786,0.9494444444444444,1.2955555555555553,0.6683333333333333,0.4880555555555557,64.3,0,0,39.611111111111114,17.980555555555554
,,0,2025-11-25T00:10:00Z,2025-11-25T07:00:00Z,2025-11-25T04:19:03.197Z,corso_IoT,ESP_LEOPIZZI,Lecce,Stanza,-0.10125000000000005,0.12041666666666673,0.9474999999999999,1.2704166666666667,0.7166666666666667,0.4645833333333335,64.29999999999997,0,0,22.833333333333332,17.962500000000002
,,0,2025-11-25T00:10:00Z,2025-11-25T07:00:00Z,2025-11-25T04:20:11.53Z,corso_IoT,ESP_LEOPIZZI,Lecce,Stanza,-0.10083333333333334,0.12083333333333335,0.9499999999999998,1.3791666666666667,0.6908333333333334,0.49499999999999994,64.29999999999998,0,0,35.916666666666664,18
,,0,2025-11-25T00:10:00Z,2025-11-25T07:00:00Z,2025-11-25T04:21:19.863Z,corso_IoT,ESP_LEOPIZZI,Lecce,Stanza,-0.10214285714285719,0.12035714285714293,0.9492857142857138,1.2260714285714287,0.7010714285714288,0.46785714285714286,64.29999999999997,0,0,28.285714285714285,18
,,0,2025-11-25T00:10:00Z,2025-11-25T07:00:00Z,2025-11-25T04:22:28.196Z,corso_IoT,ESP_LEOPIZZI,Lecce,Stanza,-0.10166666666666668,0.12083333333333339,0.9474999999999997,1.3145833333333334,0.7325,0.5041666666666667,64.29999999999997,0,0,23.125,18
,,0,2025-11-25T00:10:00Z,2025-11-25T07:00:00Z,2025-11-25T04:23:36.529Z,corso_IoT,ESP_LEOPIZZI,Lecce,Stanza,-0.10175000000000005,0.12150000000000005,0.95,1.2207499999999998,0.6360000000000002,0.48674999999999996,64.30000000000001,0,0,36.1,18
,,0,2025-11-25T00:10:00Z,2025-11-25T07:00:00Z,2025-11-25T04:24:44.862Z,corso_IoT,ESP_LEOPIZZI,Lecce,Stanza,-0.10159090909090912,0.12090909090909098,0.9472727272727273,1.246590909090909,0.6936363636363635,0.4668181818181818,64.30000000000003,0,0,33.97727272727273,18
,,0,2025-11-25T00:10:00Z,2025-11-25T07:00:00Z,2025-11-25T04:25:53.195Z,corso_IoT,ESP_LEOPIZZI,Lecce,Stanza,-0.10085714285714291,0.12085714285714293,0.948,1.2399999999999995,0.656,0.5285714285714286,64.29999999999998,0,0,29.62857142857143,18
,,0,2025-11-25T00:10:00Z,2025-11-25T07:00:00Z,2025-11-25T04:27:01.528Z,corso_IoT,ESP_LEOPIZZI,Lecce,Stanza,-0.10156250000000006,0.12000000000000008,0.9503124999999996,1.2396874999999998,0.6359375,0.48250000000000004,64.29999999999997,0,0,29.53125,17.978124999999995
,,0,2025-11-25T00:10:00Z,2025-11-25T07:00:00Z,2025-11-25T04:28:09.861Z,corso_IoT,ESP_LEOPIZZI,Lecce,Stanza,-0.10090909090909092,0.12181818181818184,0.948181818181818,1.291818181818182,0.6272727272727273,0.5145454545454545,64.29999999999998,0,0,19.09090909090909,18
,,0,2025-11-25T00:10:00Z,2025-11-25T07:00:00Z,2025-11-25T04:29:18.194Z,corso_IoT,ESP_LEOPIZZI,Lecce,Stanza,-0.10142857142857145,0.12142857142857144,0.9478571428571426,1.2507142857142857,0.6792857142857143,0.4157142857142858,64.29999999999998,0,0,24.357142857142858,18
,,0,2025-11-25T00:10:00Z,2025-11-25T07:00:00Z,2025-11-25T04:30:26.527Z,corso_IoT,ESP_LEOPIZZI,Lecce,Stanza,-0.10160000000000004,0.12120000000000004,0.9471999999999997,1.3364000000000003,0.644,0.4796000000000001,64.29999999999997,0,0,37.16,17.987999999999996
,,0,2025-11-25T00:10:00Z,2025-11-25T07:00:00Z,2025-11-25T04:31:34.86Z,corso_IoT,ESP_LEOPIZZI,Lecce,Stanza,-0.07551020408163263,-0.014489795918367358,1.0236734693877547,1.270612244897959,0.7042857142857141,0.5067346938775511,64.30000000000004,3.061224489795918,0,24.53061224489796,17.908163265306108
,,0,2025-11-25T00:10:00Z,2025-11-25T07:00:00Z,2025-11-25T04:32:43.193Z,corso_IoT,ESP_LEOPIZZI,Lecce,Stanza,-0.07902777777777784,-0.04972222222222216,1.0444444444444438,1.2197222222222217,0.6673611111111114,0.5040277777777779,64.30000000000008,0,0,25.569444444444443,17.900000000000006
,,0,2025-11-25T00:10:00Z,2025-11-25T07:00:00Z,2025-11-25T04:33:51.526Z,corso_IoT,ESP_LEOPIZZI,Lecce,Stanza,-0.07911392405063297,-0.049240506329113864,1.044303797468354,1.237215189873417,0.6960759493670889,0.5351898734177215,64.3000000000001,0,0,25.164556962025316,17.940506329113944
,,0,2025-11-25T00:10:00Z,2025-11-25T07:00:00Z,2025-11-25T04:34:59.859Z,corso_IoT,ESP_LEOPIZZI,Lecce,Stanza,-0.07931506849315073,-0.05150684931506845,1.047260273972602,1.2834246575342465,0.6923287671232877,0.5309589041095892,64.30000000000008,0,0,25.410958904109588,17.900000000000006
,,0,2025-11-25T00:10:00Z,2025-11-25T07:00:00Z,2025-11-25T04:36:08.192Z,corso_IoT,ESP_LEOPIZZI,Lecce,Stanza,-0.079764705882353,-0.052705882352941096,1.0471764705882345,1.263058823529412,0.6854117647058824,0.5222352941176471,64.3000000000001,0.5882352941176471,0,24.541176470588237,17.90000000000002
,,0,2025-11-25T00:10:00Z,2025-11-25T07:00:00Z,2025-11-25T04:37:16.525Z,corso_IoT,ESP_LEOPIZZI,Lecce,Stanza,-0.0798837209302326,-0.05441860465116274,1.0470930232558129,1.2602325581395348,0.6940697674418604,0.5336046511627907,64.3000000000001,0,0,26.75581395348837,17.903488372093044
,,0,2025-11-25T00:10:00Z,2025-11-25T07:00:00Z,2025-11-25T04:38:24.858Z,corso_IoT,ESP_LEOPIZZI,Lecce,Stanza,-0.08388235294117645,-0.05811764705882349,1.0503529411764696,1.377529411764706,0.6665882352941175,0.5445882352941176,64.3000000000001,1.7647058823529411,0,26.49411764705882,17.96941176470588
,,0,2025-11-25T00:10:00Z,2025-11-25T07:00:00Z,2025-11-25T04:39:33.191Z,corso_IoT,ESP_LEOPIZZI,Lecce,Stanza,-0.08552941176470584,-0.05988235294117643,1.0511764705882343,1.248823529411765,0.6709411764705885,0.5209411764705885,64.3000000000001,0,0,24.96470588235294,17.99647058823529
,,0,2025-11-25T00:10:00Z,2025-11-25T07:00:00Z,2025-11-25T04:40:41.524Z,corso_IoT,ESP_LEOPIZZI,Lecce,Stanza,-0.08576470588235291,-0.059999999999999956,1.051999999999999,1.261882352941177,0.6802352941176469,0.521294117647059,64.3000000000001,0,0,19.71764705882353,17.996470588235294
,,0,2025-11-25T00:10:00Z,2025-11-25T07:00:00Z,2025-11-25T04:41:49.857Z,corso_IoT,ESP_LEOPIZZI,Lecce,Stanza,-0.08576470588235291,-0.05999999999999994,1.0518823529411752,1.2680000000000002,0.6600000000000001,0.5343529411764705,64.3000000000001,0,0,21.223529411764705,18
,,0,2025-11-25T00:10:00Z,2025-11-25T07:00:00Z,2025-11-25T04:42:58.19Z,corso_IoT,ESP_LEOPIZZI,Lecce,Stanza,-0.08481481481481479,-0.06024691358024688,1.0517283950617276,1.2491358024691361,0.674814814814815,0.5369135802469138,64.3000000000001,0,0,21.333333333333332,18
,,0,2025-11-25T00:10:00Z,2025-11-25T07:00:00Z,2025-11-25T04:44:06.523Z,corso_IoT,ESP_LEOPIZZI,Lecce,Stanza,-0.08646341463414631,-0.060365853658536556,1.0520731707317064,1.303414634146342,0.6601219512195124,0.5471951219512194,64.27073170731715,0,0,23.073170731707318,18
,,0,2025-11-25T00:10:00Z,2025-11-25T07:00:00Z,2025-11-25T04:45:14.856Z,corso_IoT,ESP_LEOPIZZI,Lecce,Stanza,-0.08647058823529408,-0.06035294117647055,1.0523529411764696,1.2557647058823531,0.6632941176470591,0.5307058823529411,64.24588235294131,0,0,20.741176470588236,18
,,0,2025-11-25T00:10:00Z,2025-11-25T07:00:00Z,2025-11-25T04:46:23.189Z,corso_IoT,ESP_LEOPIZZI,Lecce,Stanza,-0.08717647058823524,-0.060235294117647005,1.0522352941176463,1.2721176470588238,0.6850588235294118,0.533529411764706,64.10000000000004,0,0,20.11764705882353,18
,,0,2025-11-25T00:10:00Z,2025-11-25T07:00:00Z,2025-11-25T04:47:31.522Z,corso_IoT,ESP_LEOPIZZI,Lecce,Stanza,-0.0865882352941176,-0.060235294117647005,1.0525882352941167,1.3004705882352938,0.6854117647058825,0.5472941176470586,64.10000000000004,0,0,21.8,18
,,0,2025-11-25T00:10:00Z,2025-11-25T07:00:00Z,2025-11-25T04:48:39.855Z,corso_IoT,ESP_LEOPIZZI,Lecce,Stanza,-0.08584905660377357,-0.06132075471698116,1.0532075471698112,1.290377358490566,0.6960377358490567,0.5420754716981133,64.09999999999994,0,0,30.0188679245283,18
,,0,2025-11-25T00:10:00Z,2025-11-25T07:00:00Z,2025-11-25T04:49:48.188Z,corso_IoT,ESP_LEOPIZZI,Lecce,Stanza,-0.0867469879518072,-0.060843373493975866,1.053132530120481,1.2895180722891568,0.6755421686746989,0.5219277108433735,64.10000000000004,0,0,19.674698795180724,18
,,0,2025-11-25T00:10:00Z,2025-11-25T07:00:00Z,2025-11-25T04:50:56.521Z,corso_IoT,ESP_LEOPIZZI,Lecce,Stanza,-0.086231884057971,-0.06072463768115944,1.0518840579710136,1.261449275362319,0.677536231884058,0.5536231884057972,64.09999999999997,0,0,25.391304347826086,18
,,0,2025-11-25T00:10:00Z,2025-11-25T07:00:00Z,2025-11-25T04:52:04.854Z,corso_IoT,ESP_LEOPIZZI,Lecce,Stanza,-0.08512820512820511,-0.06115384615384615,1.052692307692307,1.2462820512820505,0.7141025641025642,0.5260256410256411,64.09615384615387,0,0,20.346153846153847,18.003846153846155
,,0,2025-11-25T00:10:00Z,2025-11-25T07:00:00Z,2025-11-25T04:53:13.187Z,corso_IoT,ESP_LEOPIZZI,Lecce,Stanza,-0.08627906976744182,-0.06093023255813949,1.0531395348837205,1.2695348837209304,0.6894186046511629,0.5623255813953488,64.09651162790703,0,0,19.988372093023255,18
,,0,2025-11-25T00:10:00Z,2025-11-25T07:00:00Z,2025-11-25T04:54:21.52Z,corso_IoT,ESP_LEOPIZZI,Lecce,Stanza,-0.09779411764705886,-0.0657352941176471,1.0558823529411758,0.25499999999999967,0.955588235294118,0.5035294117647058,64.07058823529411,5.882352941176471,0,21.16176470588235,18
,,0,2025-11-25T00:10:00Z,2025-11-25T07:00:00Z,2025-11-25T04:55:29.853Z,corso_IoT,ESP_LEOPIZZI,Lecce,Stanza,-0.19325301204819254,-0.1193975903614457,1.099397590361445,1.3104819277108433,0.7240963855421688,0.45554216867469866,64.09277108433736,50,0,26.783132530120483,18
,,0,2025-11-25T00:10:00Z,2025-11-25T07:00:00Z,2025-11-25T04:56:38.186Z,corso_IoT,ESP_LEOPIZZI,Lecce,Stanza,-0.19512195121951195,-0.11987804878048774,1.099634146341463,1.333658536585366,0.6485365853658538,0.47085365853658545,64.10000000000004,50,0,27.426829268292682,18
,,0,2025-11-25T00:10:00Z,2025-11-25T07:00:00Z,2025-11-25T04:57:46.519Z,corso_IoT,ESP_LEOPIZZI,Lecce,Stanza,-0.19759999999999975,-0.12026666666666663,1.0990666666666664,1.311333333333334,0.6981333333333335,0.47106666666666674,64.1,50,0,26.866666666666667,18
,,0,2025-11-25T00:10:00Z,2025-11-25T07:00:00Z,2025-11-25T04:58:54.852Z,corso_IoT,ESP_LEOPIZZI,Lecce,Stanza,-0.1988709677419353,-0.12016129032258073,1.1000000000000005,1.3416129032258062,0.691451612903226,0.4425806451612904,64.09999999999994,50,0,25.741935483870968,18
,,0,2025-11-25T00:10:00Z,2025-11-25T07:00:00Z,2025-11-25T05:00:03.185Z,corso_IoT,ESP_LEOPIZZI,Lecce,Stanza,-0.19921874999999983,-0.12031250000000009,1.1001562500000006,1.2659375,0.6900000000000001,0.4865624999999999,64.09999999999994,50,0,28.3125,18
,,0,2025-11-25T00:10:00Z,2025-11-25T07:00:00Z,2025-11-25T05:01:11.518Z,corso_IoT,ESP_LEOPIZZI,Lecce,Stanza,-0.19948717948717962,-0.12051282051282058,1.1002564102564107,1.3023076923076922,0.6597435897435896,0.44641025641025633,64.09999999999995,50,0,29.205128205128204,18
,,0,2025-11-25T00:10:00Z,2025-11-25T07:00:00Z,2025-11-25T05:02:19.851Z,corso_IoT,ESP_LEOPIZZI,Lecce,Stanza,-0.198125,-0.11833333333333336,1.1010416666666671,1.4285416666666668,0.7289583333333335,0.4468749999999999,64.10833333333328,48.958333333333336,0,28.958333333333332,18
,,0,2025-11-25T00:10:00Z,2025-11-25T07:00:00Z,2025-11-25T05:03:28.184Z,corso_IoT,ESP_LEOPIZZI,Lecce,Stanza,-0.20036363636363627,-0.12254545454545458,1.1014545454545461,1.2827272727272725,0.728909090909091,0.49981818181818166,64.09999999999994,50,0,24.98181818181818,18
,,0,2025-11-25T00:10:00Z,2025-11-25T07:00:00Z,2025-11-25T05:04:36.517Z,corso_IoT,ESP_LEOPIZZI,Lecce,Stanza,-0.24999999999999978,-0.12588235294117647,1.0933333333333337,-0.5623529411764704,0.6664705882352943,0.3396078431372549,64.09999999999995,49.01960784313726,0,34.8235294117647,18
,,0,2025-11-25T00:10:00Z,2025-11-25T07:00:00Z,2025-11-25T05:05:44.85Z,corso_IoT,ESP_LEOPIZZI,Lecce,Stanza,-0.27049999999999974,-0.18425000000000002,1.1280000000000001,1.27125,0.6530000000000001,0.5195000000000001,64.09999999999995,50,0,24.925,18
,,0,2025-11-25T00:10:00Z,2025-11-25T07:00:00Z,2025-11-25T05:06:53.183Z,corso_IoT,ESP_LEOPIZZI,Lecce,Stanza,-0.2714893617021274,-0.1872340425531915,1.1300000000000003,1.2795744680851064,0.6474468085106382,0.5244680851063829,64.09999999999995,50,0,25.829787234042552,18
,,0,2025-11-25T00:10:00Z,2025-11-25T07:00:00Z,2025-11-25T05:08:01.516Z,corso_IoT,ESP_LEOPIZZI,Lecce,Stanza,-0.2705882352941174,-0.18441176470588239,1.1300000000000001,1.2808823529411764,0.69,0.4676470588235294,64.12941176470585,50,0,36.3235294117647,18
,,0,2025-11-25T00:10:00Z,2025-11-25T07:00:00Z,2025-11-25T05:09:09.849Z,corso_IoT,ESP_LEOPIZZI,Lecce,Stanza,-0.2707692307692305,-0.18738461538461532,1.1295384615384616,1.2769230769230768,0.6995384615384617,0.5443076923076924,64.09999999999994,50,0,25.907692307692308,18
,,0,2025-11-25T00:10:00Z,2025-11-25T07:00:00Z,2025-11-25T05:10:18.182Z,corso_IoT,ESP_LEOPIZZI,Lecce,Stanza,-0.2706578947368418,-0.18776315789473672,1.1299999999999994,1.294868421052632,0.7098684210526317,0.4980263157894736,64.10000000000001,50,0,28.355263157894736,18
,,0,2025-11-25T00:10:00Z,2025-11-25T07:00:00Z,2025-11-25T05:11:26.515Z,corso_IoT,ESP_LEOPIZZI,Lecce,Stanza,-0.2701388888888886,-0.18722222222222212,1.1291666666666669,1.2995833333333335,0.6672222222222222,0.5316666666666666,64.2444444444445,50,0,24.430555555555557,18
,,0,2025-11-25T00:10:00Z,2025-11-25T07:00:00Z,2025-11-25T05:12:34.848Z,corso_IoT,ESP_LEOPIZZI,Lecce,Stanza,-0.2707407407407405,-0.18648148148148153,1.1309259259259268,1.2462962962962962,0.6568518518518522,0.5396296296296296,64.30000000000005,50,0,27.296296296296298,18
,,0,2025-11-25T00:10:00Z,2025-11-25T07:00:00Z,2025-11-25T05:13:43.181Z,corso_IoT,ESP_LEOPIZZI,Lecce,Stanza,-0.2542857142857143,-0.18099999999999983,1.127428571428572,1.6227142857142867,0.6822857142857146,0.6292857142857142,64.30000000000008,50,0,29.685714285714287,18
,,0,2025-11-25T00:10:00Z,2025-11-25T07:00:00Z,2025-11-25T05:14:51.514Z,corso_IoT,ESP_LEOPIZZI,Lecce,Stanza,-0.25064516129032255,-0.17967741935483866,1.126774193548387,1.2593548387096771,0.6438709677419353,0.5103225806451613,64.29999999999997,50,0,28.225806451612904,18
,,0,2025-11-25T00:10:00Z,2025-11-25T07:00:00Z,2025-11-25T05:15:59.847Z,corso_IoT,ESP_LEOPIZZI,Lecce,Stanza,-0.25220338983050844,-0.1803389830508473,1.1267796610169492,1.3044067796610173,0.6777966101694917,0.5376271186440679,64.13389830508468,50,0,26.16949152542373,18
,,0,2025-11-25T00:10:00Z,2025-11-25T07:00:00Z,2025-11-25T05:17:08.18Z,corso_IoT,ESP_LEOPIZZI,Lecce,Stanza,-0.2532926829268294,-0.17999999999999983,1.1275609756097558,1.2664634146341465,0.7232926829268292,0.542073170731707,64.10000000000004,50,0,27.024390243902438,18
,,0,2025-11-25T00:10:00Z,2025-11-25T07:00:00Z,2025-11-25T05:18:16.513Z,corso_IoT,ESP_LEOPIZZI,Lecce,Stanza,-0.2541463414634147,-0.18012195121951202,1.1267073170731707,1.2420731707317079,0.7021951219512198,0.5214634146341464,64.14146341463416,50,0,26.804878048780488,17.992682926829268
,,0,2025-11-25T00:10:00Z,2025-11-25T07:00:00Z,2025-11-25T05:19:24.846Z,corso_IoT,ESP_LEOPIZZI,Lecce,Stanza,-0.2551315789473685,-0.17986842105263143,1.1268421052631574,1.2573684210526324,0.7213157894736844,0.5176315789473684,64.27631578947377,50,0,24.92105263157895,17.992105263157892
,,0,2025-11-25T00:10:00Z,2025-11-25T07:00:00Z,2025-11-25T05:20:33.179Z,corso_IoT,ESP_LEOPIZZI,Lecce,Stanza,-0.2558426966292137,-0.17999999999999983,1.1255056179775278,1.294494382022472,0.6904494382022471,0.5442696629213486,64.3000000000001,50,0,26.179775280898877,17.91348314606744
,,0,2025-11-25T00:10:00Z,2025-11-25T07:00:00Z,2025-11-25T05:21:41.512Z,corso_IoT,ESP_LEOPIZZI,Lecce,Stanza,-0.2562857142857143,-0.17985714285714272,1.1274285714285717,1.2785714285714285,0.7317142857142857,0.5367142857142857,64.30000000000008,50,0,27.82857142857143,17.900000000000002
,,0,2025-11-25T00:10:00Z,2025-11-25T07:00:00Z,2025-11-25T05:22:49.845Z,corso_IoT,ESP_LEOPIZZI,Lecce,Stanza,-0.2563855421686749,-0.18024096385542152,1.1271084337349393,1.2662650602409637,0.7308433734939759,0.5291566265060242,64.3000000000001,50,0,26.228915662650603,17.900000000000016
,,0,2025-11-25T00:10:00Z,2025-11-25T07:00:00Z,2025-11-25T05:23:58.178Z,corso_IoT,ESP_LEOPIZZI,Lecce,Stanza,-0.25704545454545474,-0.18022727272727254,1.1269318181818175,1.2578409090909088,0.7276136363636362,0.5312500000000001,64.3000000000001,50,0,21.65909090909091,17.90000000000002
,,0,2025-11-25T00:10:00Z,2025-11-25T07:00:00Z,2025-11-25T05:25:06.511Z,corso_IoT,ESP_LEOPIZZI,Lecce,Stanza,-0.2567415730337081,-0.17999999999999983,1.1270786516853926,1.251797752808989,0.712247191011236,0.5502247191011236,64.3000000000001,50,0,27.213483146067414,17.900000000000023
,,0,2025-11-25T00:10:00Z,2025-11-25T07:00:00Z,2025-11-25T05:26:14.844Z,corso_IoT,ESP_LEOPIZZI,Lecce,Stanza,-0.25835294117647084,-0.17999999999999983,1.1263529411764706,1.2910588235294118,0.6936470588235294,0.5341176470588237,64.3000000000001,50,0,26.435294117647057,17.90000000000002
,,0,2025-11-25T00:10:00Z,2025-11-25T07:00:00Z,2025-11-25T05:27:23.177Z,corso_IoT,ESP_LEOPIZZI,Lecce,Stanza,-0.25823529411764706,-0.17985294117647044,1.1263235294117646,1.244264705882353,0.7497058823529412,0.5195588235294119,64.30000000000007,50,0,23.955882352941178,17.900000000000002
,,0,2025-11-25T00:10:00Z,2025-11-25T07:00:00Z,2025-11-25T05:28:31.51Z,corso_IoT,ESP_LEOPIZZI,Lecce,Stanza,-0.25746666666666684,-0.17813333333333317,1.125733333333333,1.288,0.7222666666666667,0.5149333333333332,64.30000000000008,50,0,27.786666666666665,17.905333333333342
,,0,2025-11-25T00:10:00Z,2025-11-25T07:00:00Z,2025-11-25T05:29:39.843Z,corso_IoT,ESP_LEOPIZZI,Lecce,Stanza,-0.25817073170731725,-0.17926829268292666,1.127439024390243,1.2839024390243905,0.7318292682926834,0.5265853658536587,64.3000000000001,50,0,32.170731707317074,17.941463414634146
,,0,2025-11-25T00:10:00Z,2025-11-25T07:00:00Z,2025-11-25T05:30:48.176Z,corso_IoT,ESP_LEOPIZZI,Lecce,Stanza,-0.2580232558139537,-0.17988372093023236,1.127441860465116,1.2881395348837203,0.6896511627906978,0.5425581395348836,64.3000000000001,50,0,26.41860465116279,17.980232558139548
,,0,2025-11-25T00:10:00Z,2025-11-25T07:00:00Z,2025-11-25T05:31:56.509Z,corso_IoT,ESP_LEOPIZZI,Lecce,Stanza,-0.25915662650602433,-0.1791566265060239,1.1262650602409636,1.283975903614458,0.7034939759036143,0.5340963855421684,64.3000000000001,50,0,25.89156626506024,17.9710843373494
,,0,2025-11-25T00:10:00Z,2025-11-25T07:00:00Z,2025-11-25T05:33:04.842Z,corso_IoT,ESP_LEOPIZZI,Lecce,Stanza,-0.25951219512195145,-0.17987804878048763,1.1265853658536584,1.2767073170731709,0.6903658536585365,0.5282926829268295,64.3000000000001,50,0,24.20731707317073,17.92439024390245
,,0,2025-11-25T00:10:00Z,2025-11-25T07:00:00Z,2025-11-25T05:34:13.175Z,corso_IoT,ESP_LEOPIZZI,Lecce,Stanza,-0.2591111111111114,-0.17966666666666647,1.1267777777777777,1.2926666666666666,0.6968888888888887,0.538,64.3000000000001,50,0,30.6,17.92000000000002
,,0,2025-11-25T00:10:00Z,2025-11-25T07:00:00Z,2025-11-25T05:35:21.508Z,corso_IoT,ESP_LEOPIZZI,Lecce,Stanza,-0.25892307692307687,-0.17938461538461523,1.1266153846153844,1.2813846153846156,0.6898461538461538,0.5456923076923077,64.30000000000007,50,0,32.86153846153846,17.93692307692308
,,0,2025-11-25T00:10:00Z,2025-11-25T07:00:00Z,2025-11-25T05:36:29.841Z,corso_IoT,ESP_LEOPIZZI,Lecce,Stanza,-0.25999999999999984,-0.1799999999999999,1.1265957446808512,1.3138297872340423,0.7212765957446808,0.5270212765957447,64.30000000000004,50,0,30.25531914893617,17.92127659574467
,,0,2025-11-25T00:10:00Z,2025-11-25T07:00:00Z,2025-11-25T05:37:38.174Z,corso_IoT,ESP_LEOPIZZI,Lecce,Stanza,-0.259310344827586,-0.17896551724137916,1.126551724137931,1.2663793103448273,0.705689655172414,0.5094827586206897,64.30000000000007,50,0,26.155172413793103,17.97241379310345
,,0,2025-11-25T00:10:00Z,2025-11-25T07:00:00Z,2025-11-25T05:38:46.507Z,corso_IoT,ESP_LEOPIZZI,Lecce,Stanza,-0.2594871794871797,-0.17884615384615368,1.1267948717948717,1.279871794871795,0.6932051282051283,0.5187179487179489,64.30000000000008,50,0,25.064102564102566,17.996153846153845
,,0,2025-11-25T00:10:00Z,2025-11-25T07:00:00Z,2025-11-25T05:39:54.84Z,corso_IoT,ESP_LEOPIZZI,Lecce,Stanza,-0.25999999999999984,-0.17946428571428558,1.1273214285714295,1.2796428571428575,0.7128571428571432,0.5507142857142858,64.30000000000005,50,0,25.857142857142858,17.98928571428571
,,0,2025-11-25T00:10:00Z,2025-11-25T07:00:00Z,2025-11-25T05:41:03.173Z,corso_IoT,ESP_LEOPIZZI,Lecce,Stanza,-0.2593846153846153,-0.17923076923076908,1.1283076923076925,1.2793846153846153,0.6773846153846154,0.5086153846153847,64.15230769230764,50,0,26.50769230769231,18
,,0,2025-11-25T00:10:00Z,2025-11-25T07:00:00Z,2025-11-25T05:42:11.506Z,corso_IoT,ESP_LEOPIZZI,Lecce,Stanza,-0.25951219512195106,-0.17951219512195113,1.1273170731707316,1.2780487804878051,0.7004878048780486,0.5336585365853659,64.17317073170732,50,0,36.09756097560975,17.99512195121951
,,0,2025-11-25T00:10:00Z,2025-11-25T07:00:00Z,2025-11-25T05:43:19.839Z,corso_IoT,ESP_LEOPIZZI,Lecce,Stanza,-0.2595238095238094,-0.17968253968253953,1.1273015873015875,1.2628571428571433,0.7095238095238097,0.5349206349206349,64.12222222222216,50,0,25.22222222222222,18
,,0,2025-11-25T00:10:00Z,2025-11-25T07:00:00Z,2025-11-25T05:44:28.172Z,corso_IoT,ESP_LEOPIZZI,Lecce,Stanza,-0.259864864864865,-0.17891891891891876,1.1267567567567565,1.2950000000000002,0.710945945945946,0.5449999999999999,64.1,50,0,26.31081081081081,17.9918918918919
,,0,2025-11-25T00:10:00Z,2025-11-25T07:00:00Z,2025-11-25T05:45:36.505Z,corso_IoT,ESP_LEOPIZZI,Lecce,Stanza,-0.259864864864865,-0.17945945945945932,1.127702702702703,1.3121621621621615,0.69472972972973,0.5221621621621622,64.12432432432432,50,0,26.824324324324323,17.908108108108117
,,0,2025-11-25T00:10:00Z,2025-11-25T07:00:00Z,2025-11-25T05:46:44.838Z,corso_IoT,ESP_LEOPIZZI,Lecce,Stanza,-0.259787234042553,-0.17893617021276584,1.1280851063829789,1.2546808510638294,0.6900000000000002,0.5370212765957447,64.27021276595748,50,0,26.21276595744681,17.899999999999988
,,0,2025-11-25T00:10:00Z,2025-11-25T07:00:00Z,2025-11-25T05:47:53.171Z,corso_IoT,ESP_LEOPIZZI,Lecce,Stanza,-0.25971014492753625,-0.1779710144927535,1.1272463768115941,1.2556521739130437,0.7015942028985509,0.5252173913043479,64.30000000000008,50,0,27.144927536231883,17.900000000000002
,,0,2025-11-25T00:10:00Z,2025-11-25T07:00:00Z,2025-11-25T05:49:01.504Z,corso_IoT,ESP_LEOPIZZI,Lecce,Stanza,-0.23349206349206364,-0.17539682539682552,1.1233333333333333,1.3334920634920635,0.5925396825396821,0.6987301587301586,64.22380952380958,50,0,29.126984126984127,17.899999999999995
,,0,2025-11-25T00:10:00Z,2025-11-25T07:00:00Z,2025-11-25T05:50:09.837Z,corso_IoT,ESP_LEOPIZZI,Lecce,Stanza,-0.21,-0.1473076923076923,1.113076923076923,1.3396153846153847,0.6653846153846156,0.5130769230769231,64.29999999999997,50,0,48.84615384615385,17.95384615384615
,,0,2025-11-25T00:10:00Z,2025-11-25T07:00:00Z,2025-11-25T05:51:18.17Z,corso_IoT,ESP_LEOPIZZI,Lecce,Stanza,-0.20982758620689682,-0.1465517241379311,1.1120689655172409,1.3153448275862067,0.7027586206896551,0.46775862068965507,64.10689655172408,50,0,31.67241379310345,18
,,0,2025-11-25T00:10:00Z,2025-11-25T07:00:00Z,2025-11-25T05:52:26.503Z,corso_IoT,ESP_LEOPIZZI,Lecce,Stanza,-0.21000000000000044,-0.14614457831325317,1.1115662650602407,1.3104819277108435,0.7230120481927711,0.48710843373493967,64.14337349397593,50,0,21.96385542168675,17.927710843373514
,,0,2025-11-25T00:10:00Z,2025-11-25T07:00:00Z,2025-11-25T05:53:34.836Z,corso_IoT,ESP_LEOPIZZI,Lecce,Stanza,-0.20986301369863053,-0.14520547945205492,1.1113698630136983,1.2906849315068507,0.6786301369863011,0.46972602739726027,64.30000000000008,50,0,26.54794520547945,17.931506849315078
,,0,2025-11-25T00:10:00Z,2025-11-25T07:00:00Z,2025-11-25T05:54:43.169Z,corso_IoT,ESP_LEOPIZZI,Lecce,Stanza,-0.20814285714285746,-0.14300000000000007,1.1102857142857139,1.400428571428571,0.5620000000000003,0.4652857142857144,64.30000000000008,50,0,26.214285714285715,17.900000000000002
,,0,2025-11-25T00:10:00Z,2025-11-25T07:00:00Z,2025-11-25T05:55:51.502Z,corso_IoT,ESP_LEOPIZZI,Lecce,Stanza,-0.25790322580645136,-0.153225806451613,1.1187096774193543,1.240967741935484,0.9596774193548387,0.2724193548387096,64.30000000000007,50,0,25.758064516129032,17.89999999999999
,,0,2025-11-25T00:10:00Z,2025-11-25T07:00:00Z,2025-11-25T05:56:59.835Z,corso_IoT,ESP_LEOPIZZI,Lecce,Stanza,-0.2542372881355932,-0.16440677966101697,1.1225423728813557,1.5357627118644066,0.5513559322033896,0.506779661016949,64.30000000000007,50,0,25.64406779661017,17.899999999999988
,,0,2025-11-25T00:10:00Z,2025-11-25T07:00:00Z,2025-11-25T05:58:08.168Z,corso_IoT,ESP_LEOPIZZI,Lecce,Stanza,-0.23045454545454577,-0.1707575757575757,1.1230303030303028,1.3437878787878788,0.7063636363636365,0.45878787878787886,64.30000000000007,50,0,23.318181818181817,17.9
,,0,2025-11-25T00:10:00Z,2025-11-25T07:00:00Z,2025-11-25T05:59:16.501Z,corso_IoT,ESP_LEOPIZZI,Lecce,Stanza,-0.2306250000000003,-0.17124999999999996,1.1215624999999994,1.3503125000000002,0.7017187500000002,0.46734374999999984,64.30000000000007,50,0,34.390625,17.899999999999995
,,0,2025-11-25T00:10:00Z,2025-11-25T07:00:00Z,2025-11-25T06:00:24.834Z,corso_IoT,ESP_LEOPIZZI,Lecce,Stanza,-0.23630136986301384,-0.16917808219178077,1.1227397260273975,1.3127397260273974,0.7672602739726028,0.4847945205479452,64.30000000000008,50,0,30.904109589041095,17.936986301369856
,,0,2025-11-25T00:10:00Z,2025-11-25T07:00:00Z,2025-11-25T06:01:33.167Z,corso_IoT,ESP_LEOPIZZI,Lecce,Stanza,-0.24745762711864408,-0.1683050847457627,1.1220338983050848,1.2977966101694913,0.7005084745762712,0.46169491525423756,64.30000000000007,50,0,33.52542372881356,17.949152542372875
,,0,2025-11-25T00:10:00Z,2025-11-25T07:00:00Z,2025-11-25T06:02:41.5Z,corso_IoT,ESP_LEOPIZZI,Lecce,Stanza,-0.2295000000000003,-0.15716666666666682,1.1154999999999995,1.349333333333333,0.5184999999999998,0.535,64.30000000000007,50,0,25.883333333333333,17.904999999999987
,,0,2025-11-25T00:10:00Z,2025-11-25T07:00:00Z,2025-11-25T06:03:49.833Z,corso_IoT,ESP_LEOPIZZI,Lecce,Stanza,-0.21999999999999995,-0.15105263157894744,1.1155263157894735,1.3494736842105264,0.7107894736842105,0.4997368421052633,64.3,50,0,32.86842105263158,17.986842105263158
,,0,2025-11-25T00:10:00Z,2025-11-25T07:00:00Z,2025-11-25T06:04:58.166Z,corso_IoT,ESP_LEOPIZZI,Lecce,Stanza,-0.2485454545454545,-0.17109090909090902,1.1227272727272728,1.1665454545454546,0.7545454545454544,0.44218181818181834,64.30000000000005,50,0,28.01818181818182,17.90363636363635
,,0,2025-11-25T00:10:00Z,2025-11-25T07:00:00Z,2025-11-25T06:06:06.499Z,corso_IoT,ESP_LEOPIZZI,Lecce,Stanza,-0.25578124999999996,-0.17124999999999993,1.12546875,1.3532812500000007,0.6785937499999999,0.44078124999999996,64.30000000000007,50,0,28.609375,17.984375
,,0,2025-11-25T00:10:00Z,2025-11-25T07:00:00Z,2025-11-25T06:07:14.832Z,corso_IoT,ESP_LEOPIZZI,Lecce,Stanza,-0.26394366197183083,-0.1728169014084506,1.1276056338028166,1.3929577464788732,0.17422535211267606,0.4852112676056338,64.30000000000008,50,0,24.95774647887324,18
,,0,2025-11-25T00:10:00Z,2025-11-25T07:00:00Z,2025-11-25T06:08:23.165Z,corso_IoT,ESP_LEOPIZZI,Lecce,Stanza,-0.24256756756756756,-0.19364864864864853,1.1297297297297295,1.3813513513513507,0.5955405405405406,0.4214864864864865,64.30000000000008,50,0,27.27027027027027,17.927027027027034
,,0,2025-11-25T00:10:00Z,2025-11-25T07:00:00Z,2025-11-25T06:09:31.498Z,corso_IoT,ESP_LEOPIZZI,Lecce,Stanza,-0.23905405405405428,-0.19054054054054048,1.1294594594594591,1.5143243243243245,0.6129729729729733,0.4554054054054054,64.30000000000008,50,0,28.513513513513512,17.90000000000001
,,0,2025-11-25T00:10:00Z,2025-11-25T07:00:00Z,2025-11-25T06:10:39.831Z,corso_IoT,ESP_LEOPIZZI,Lecce,Stanza,-0.27052631578947334,-0.20223684210526308,1.1336842105263158,1.1757894736842103,0.5872368421052631,0.4847368421052634,64.30000000000008,50,0,29.223684210526315,17.90000000000001
,,0,2025-11-25T00:10:00Z,2025-11-25T07:00:00Z,2025-11-25T06:11:48.164Z,corso_IoT,ESP_LEOPIZZI,Lecce,Stanza,-0.2699999999999997,-0.2040277777777778,1.1347222222222222,1.3488888888888884,0.68625,0.4390277777777779,64.30000000000008,50,0,25.11111111111111,17.900000000000006
,,0,2025-11-25T00:10:00Z,2025-11-25T07:00:00Z,2025-11-25T06:12:56.497Z,corso_IoT,ESP_LEOPIZZI,Lecce,Stanza,-0.27017857142857116,-0.2028571428571427,1.1341071428571436,1.3541071428571434,0.7176785714285715,0.4825000000000004,64.30000000000005,50,0,25.214285714285715,17.899999999999984
,,0,2025-11-25T00:10:00Z,2025-11-25T07:00:00Z,2025-11-25T06:14:04.83Z,corso_IoT,ESP_LEOPIZZI,Lecce,Stanza,-0.2699999999999997,-0.20180327868852457,1.135245901639345,1.3385245901639344,0.7259016393442622,0.45803278688524585,64.30000000000007,50,0,29.0327868852459,17.89999999999999
,,0,2025-11-25T00:10:00Z,2025-11-25T07:00:00Z,2025-11-25T06:15:13.163Z,corso_IoT,ESP_LEOPIZZI,Lecce,Stanza,-0.27026315789473654,-0.20394736842105268,1.1342105263157893,1.338684210526316,0.7086842105263159,0.4903947368421054,64.34605263157898,50,0,28.42105263157895,17.90000000000001
,,0,2025-11-25T00:10:00Z,2025-11-25T07:00:00Z,2025-11-25T06:16:21.496Z,corso_IoT,ESP_LEOPIZZI,Lecce,Stanza,-0.2698734177215187,-0.20392405063291144,1.1345569620253162,1.343670886075949,0.6884810126582279,0.46,64.39999999999998,50,0,27.860759493670887,17.900000000000013
,,0,2025-11-25T00:10:00Z,2025-11-25T07:00:00Z,2025-11-25T06:17:29.829Z,corso_IoT,ESP_LEOPIZZI,Lecce,Stanza,-0.26986111111111083,-0.2041666666666667,1.1341666666666665,1.3369444444444443,0.696111111111111,0.4641666666666668,64.40000000000002,50,0,26.11111111111111,17.900000000000006
,,0,2025-11-25T00:10:00Z,2025-11-25T07:00:00Z,2025-11-25T06:18:38.162Z,corso_IoT,ESP_LEOPIZZI,Lecce,Stanza,-0.26958333333333306,-0.20388888888888893,1.1359722222222224,1.3500000000000003,0.6962500000000004,0.44763888888888886,64.39583333333334,50,0,22.458333333333332,17.900000000000006
,,0,2025-11-25T00:10:00Z,2025-11-25T07:00:00Z,2025-11-25T06:19:46.495Z,corso_IoT,ESP_LEOPIZZI,Lecce,Stanza,-0.2545161290322581,-0.22258064516129059,1.1393548387096777,1.3535483870967742,0.7282258064516127,0.41741935483870957,64.40000000000006,50,0,25.79032258064516,17.89999999999999
,,0,2025-11-25T00:10:00Z,2025-11-25T07:00:00Z,2025-11-25T06:20:54.828Z,corso_IoT,ESP_LEOPIZZI,Lecce,Stanza,-0.24892857142857144,-0.23232142857142882,1.1405357142857144,1.3817857142857142,0.691607142857143,0.43857142857142856,64.40000000000006,50,0.04446428571428571,32.589285714285715,17.899999999999984
,,0,2025-11-25T00:10:00Z,2025-11-25T07:00:00Z,2025-11-25T06:22:03.161Z,corso_IoT,ESP_LEOPIZZI,Lecce,Stanza,-0.25,-0.23098360655737735,1.1406557377049185,1.3144262295081963,0.6959016393442622,0.4427868852459016,64.40000000000006,50,0.17688524590163934,33.01639344262295,17.89999999999999
,,0,2025-11-25T00:10:00Z,2025-11-25T07:00:00Z,2025-11-25T06:23:11.494Z,corso_IoT,ESP_LEOPIZZI,Lecce,Stanza,-0.24977528089887638,-0.2307865168539329,1.140898876404495,1.3393258426966286,0.7038202247191014,0.43820224719101125,64.39999999999995,50,0,30,17.900000000000023
,,0,2025-11-25T00:10:00Z,2025-11-25T07:00:00Z,2025-11-25T06:24:19.827Z,corso_IoT,ESP_LEOPIZZI,Lecce,Stanza,-0.2625352112676058,-0.19957746478873228,1.1346478873239432,1.3238028169014087,1.1267605633802815,0.3702816901408451,64.38873239436626,50,0,26.323943661971832,17.900000000000006
,,0,2025-11-25T00:10:00Z,2025-11-25T07:00:00Z,2025-11-25T06:25:28.16Z,corso_IoT,ESP_LEOPIZZI,Lecce,Stanza,-0.2604081632653059,-0.18816326530612246,1.1291836734693883,1.2975510204081633,0.7087755102040817,0.46734693877551003,64.39387755102045,50,0,34.55102040816327,17.899999999999988
,,0,2025-11-25T00:10:00Z,2025-11-25T07:00:00Z,2025-11-25T06:26:36.493Z,corso_IoT,ESP_LEOPIZZI,Lecce,Stanza,-0.24974999999999997,-0.09000000000000001,1.0919999999999999,1.4714999999999998,0.5342499999999999,0.15975,64.42750000000004,35,0,25.05,17.899999999999988
,,0,2025-11-25T00:10:00Z,2025-11-25T07:00:00Z,2025-11-25T06:27:44.826Z,corso_IoT,ESP_LEOPIZZI,Lecce,Stanza,-0.23666666666666678,0.06958333333333337,1.0124999999999997,1.2870833333333331,1.1554166666666665,0.15000000000000002,64.5,6.25,0,20.958333333333332,17.91249999999999
,,0,2025-11-25T00:10:00Z,2025-11-25T07:00:00Z,2025-11-25T06:28:53.159Z,corso_IoT,ESP_LEOPIZZI,Lecce,Stanza,-0.22900000000000026,0.0673333333333333,1.0150000000000003,1.4034999999999997,0.6681666666666664,0.3263333333333333,64.40666666666672,0,0,29.733333333333334,17.996666666666666
,,0,2025-11-25T00:10:00Z,2025-11-25T07:00:00Z,2025-11-25T06:30:01.492Z,corso_IoT,ESP_LEOPIZZI,Lecce,Stanza,-0.23357142857142876,0.06017857142857142,1.018750000000001,1.5292857142857144,0.8021428571428574,0.2819642857142858,64.31071428571434,3.5714285714285716,0,28.160714285714285,18
,,0,2025-11-25T00:10:00Z,2025-11-25T07:00:00Z,2025-11-25T06:31:09.825Z,corso_IoT,ESP_LEOPIZZI,Lecce,Stanza,-0.23125000000000015,0.0591666666666667,1.020833333333333,1.4229166666666668,0.5825,0.3620833333333333,64.29999999999997,0,0,27.916666666666668,18
,,0,2025-11-25T00:10:00Z,2025-11-25T07:00:00Z,2025-11-25T06:32:18.158Z,corso_IoT,ESP_LEOPIZZI,Lecce,Stanza,-0.23000000000000026,0.059090909090909124,1.019772727272728,1.3927272727272724,0.6606818181818181,0.33022727272727265,64.30000000000003,0,0,23.545454545454547,18
,,0,2025-11-25T00:10:00Z,2025-11-25T07:00:00Z,2025-11-25T06:33:26.491Z,corso_IoT,ESP_LEOPIZZI,Lecce,Stanza,-0.2293548387096776,0.05903225806451617,1.0216129032258063,1.3738709677419352,0.6464516129032257,0.37838709677419363,64.29999999999997,0,0,21.516129032258064,18
,,0,2025-11-25T00:10:00Z,2025-11-25T07:00:00Z,2025-11-25T06:34:34.824Z,corso_IoT,ESP_LEOPIZZI,Lecce,Stanza,-0.23000000000000034,0.05963414634146339,1.0203658536585372,1.3898780487804874,0.6728048780487809,0.35219512195121966,64.3000000000001,0,0,23.634146341463413,18
,,0,2025-11-25T00:10:00Z,2025-11-25T07:00:00Z,2025-11-25T06:35:43.157Z,corso_IoT,ESP_LEOPIZZI,Lecce,Stanza,-0.2300000000000003,0.06000000000000004,1.020666666666668,1.4166666666666665,0.6736666666666667,0.3405000000000001,64.30000000000007,0,0.05533333333333333,23.966666666666665,17.968333333333323
,,0,2025-11-25T00:10:00Z,2025-11-25T07:00:00Z,2025-11-25T06:36:51.49Z,corso_IoT,ESP_LEOPIZZI,Lecce,Stanza,-0.2298305084745766,0.059152542372881395,1.0201694915254247,1.3776271186440672,0.6596610169491524,0.3647457627118644,64.30000000000007,0,0.15474576271186438,31.372881355932204,17.998305084745763
,,0,2025-11-25T00:10:00Z,2025-11-25T07:00:00Z,2025-11-25T06:37:59.823Z,corso_IoT,ESP_LEOPIZZI,Lecce,Stanza,-0.23000000000000032,0.05967741935483875,1.0200000000000014,1.3698387096774194,0.65758064516129,0.34596774193548396,64.30000000000007,0,0.2275806451612903,22.35483870967742,18
,,0,2025-11-25T00:10:00Z,2025-11-25T07:00:00Z,2025-11-25T06:39:08.156Z,corso_IoT,ESP_LEOPIZZI,Lecce,Stanza,-0.2300000000000003,-0.010519480519480517,1.0575324675324664,1.2219480519480523,0.7123376623376623,0.2231168831168831,64.30000000000008,21.428571428571427,0.34493506493506465,22.51948051948052,18
,,0,2025-11-25T00:10:00Z,2025-11-25T07:00:00Z,2025-11-25T06:40:16.489Z,corso_IoT,ESP_LEOPIZZI,Lecce,Stanza,-0.2295555555555558,-0.04444444444444447,1.076666666666666,1.3813333333333333,0.6515555555555557,0.2026666666666667,64.30000000000003,33.333333333333336,0.4426666666666665,32.44444444444444,18
,,0,2025-11-25T00:10:00Z,2025-11-25T07:00:00Z,2025-11-25T06:41:24.822Z,corso_IoT,ESP_LEOPIZZI,Lecce,Stanza,-0.23894736842105269,0.016842105263157877,1.028947368421053,1.216578947368421,-0.4881578947368424,1.3273684210526318,64.31315789473683,40.78947368421053,0.5897368421052628,27.526315789473685,18
,,0,2025-11-25T00:10:00Z,2025-11-25T07:00:00Z,2025-11-25T06:42:33.155Z,corso_IoT,ESP_LEOPIZZI,Lecce,Stanza,-0.3687096774193549,0.32967741935483846,0.7862903225806451,1.3712903225806452,0.6766129032258064,0.3630645161290324,64.41129032258071,0,0.8299999999999988,26.483870967741936,17.930645161290315
,,0,2025-11-25T00:10:00Z,2025-11-25T07:00:00Z,2025-11-25T06:43:41.488Z,corso_IoT,ESP_LEOPIZZI,Lecce,Stanza,-0.36908045977011517,0.329770114942528,0.7849425287356324,1.3533333333333335,0.6398850574712646,0.3820689655172414,64.39999999999995,0,0.8299999999999987,24.298850574712645,17.90000000000002
,,0,2025-11-25T00:10:00Z,2025-11-25T07:00:00Z,2025-11-25T06:44:49.821Z,corso_IoT,ESP_LEOPIZZI,Lecce,Stanza,-0.36917808219178094,0.3293150684931502,0.7853424657534246,1.3909589041095882,0.577945205479452,0.3747945205479452,64.45342465753427,0,0.8299999999999987,21.08219178082192,17.900000000000006
,,0,2025-11-25T00:10:00Z,2025-11-25T07:00:00Z,2025-11-25T06:45:58.154Z,corso_IoT,ESP_LEOPIZZI,Lecce,Stanza,-0.3691803278688525,0.3295081967213112,0.7840983606557378,1.385409836065573,0.5781967213114756,0.3645901639344262,64.5,0,0.8299999999999988,22.098360655737704,17.89999999999999
,,0,2025-11-25T00:10:00Z,2025-11-25T07:00:00Z,2025-11-25T06:47:06.487Z,corso_IoT,ESP_LEOPIZZI,Lecce,Stanza,-0.36949999999999966,0.33,0.7830000000000001,1.3515,0.64725,0.3562499999999999,64.55249999999995,0,0.06224999999999999,27.175,17.81499999999999
,,0,2025-11-25T00:10:00Z,2025-11-25T07:00:00Z,2025-11-25T06:48:14.82Z,corso_IoT,ESP_LEOPIZZI,Lecce,Stanza,-0.32545454545454544,0.3347272727272727,0.7759999999999999,0.4632727272727273,0.3510909090909091,-0.06272727272727276,64.59999999999994,20,0,25.89090909090909,17.799999999999983
,,0,2025-11-25T00:10:00Z,2025-11-25T07:00:00Z,2025-11-25T06:49:23.153Z,corso_IoT,ESP_LEOPIZZI,Lecce,Stanza,-0.24974358974358987,0.3734615384615383,0.7092307692307696,1.282435897435897,0.6738461538461537,0.46653846153846174,64.60384615384616,49.35897435897436,0,33.12820512820513,17.799999999999976
,,0,2025-11-25T00:10:00Z,2025-11-25T07:00:00Z,2025-11-25T06:50:31.486Z,corso_IoT,ESP_LEOPIZZI,Lecce,Stanza,-0.23910714285714277,0.3533928571428571,0.6496428571428572,2.026607142857143,1.1099999999999999,0.4212499999999998,65.11071428571428,49.107142857142854,0,30.964285714285715,17.83035714285713
,,0,2025-11-25T00:10:00Z,2025-11-25T07:00:00Z,2025-11-25T06:51:39.819Z,corso_IoT,ESP_LEOPIZZI,Lecce,Stanza,0.0414864864864865,-0.0714864864864865,1.01472972972973,1.3906756756756755,0.6232432432432435,0.4294594594594595,65.07567567567571,0,0,26.60810810810811,17.90000000000001
,,0,2025-11-25T00:10:00Z,2025-11-25T07:00:00Z,2025-11-25T06:52:48.152Z,corso_IoT,ESP_LEOPIZZI,Lecce,Stanza,0.039836065573770514,-0.06737704918032786,1.0136065573770492,1.3768852459016392,0.5793442622950821,0.44016393442622953,64.711475409836,0,0,25.18032786885246,17.89999999999999
,,0,2025-11-25T00:10:00Z,2025-11-25T07:00:00Z,2025-11-25T06:53:56.485Z,corso_IoT,ESP_LEOPIZZI,Lecce,Stanza,0.03981818181818184,-0.06745454545454542,1.0145454545454546,1.3481818181818184,0.6152727272727276,0.4287272727272727,64.69999999999995,0,0,27.163636363636364,17.89454545454544
,,0,2025-11-25T00:10:00Z,2025-11-25T07:00:00Z,2025-11-25T06:55:04.818Z,corso_IoT,ESP_LEOPIZZI,Lecce,Stanza,0.039425287356321864,-0.06563218390804598,1.0135632183908054,1.3243678160919545,0.6062068965517242,0.4708045977011495,64.6999999999999,0,0,25.528735632183906,17.893103448275877
,,0,2025-11-25T00:10:00Z,2025-11-25T07:00:00Z,2025-11-25T06:56:13.151Z,corso_IoT,ESP_LEOPIZZI,Lecce,Stanza,0.039310344827586226,-0.06379310344827582,1.0124137931034491,1.3391954022988508,0.6378160919540227,0.46367816091954017,64.6999999999999,0,0,29.195402298850574,17.897701149425306
,,0,2025-11-25T00:10:00Z,2025-11-25T07:00:00Z,2025-11-25T06:57:21.484Z,corso_IoT,ESP_LEOPIZZI,Lecce,Stanza,0.037977528089887636,-0.06303370786516849,1.0126966292134838,1.361685393258427,0.5975280898876406,0.4446067415730335,64.6999999999999,0,0,21.685393258426966,17.81685393258424
,,0,2025-11-25T00:10:00Z,2025-11-25T07:00:00Z,2025-11-25T06:58:29.817Z,corso_IoT,ESP_LEOPIZZI,Lecce,Stanza,0.037682926829268305,-0.061829268292682864,1.012560975609757,1.365853658536585,0.5860975609756097,0.4350000000000002,64.6999999999999,0,0,24.20731707317073,17.799999999999972
,,0,2025-11-25T00:10:00Z,2025-11-25T07:00:00Z,2025-11-25T06:59:38.15Z,corso_IoT,ESP_LEOPIZZI,Lecce,Stanza,0.0375,-0.06227272727272724,1.0125000000000004,1.3351136363636362,0.5902272727272728,0.4531818181818182,64.6999999999999,0,0,22.454545454545453,17.817045454545426
,,0,2025-11-25T00:10:00Z,2025-11-25T07:00:00Z,2025-11-25T07:00:00Z,corso_IoT,ESP_LEOPIZZI,Lecce,Stanza,0.03571428571428572,-0.06250000000000004,1.0121428571428575,1.3757142857142861,0.6307142857142857,0.38499999999999995,64.70000000000003,0,0,25.821428571428573,17.800000000000008

