_time,_measurement,host,location,room,accel_x,accel_y,accel_z,gyro_x,gyro_y,gyro_z,humidity,light,mic,temperature,is_moving
2025-12-01 22:40:47.500000+00:00,corso_IoT,ESP_LEOPIZZI,Lecce,Stanza,-0.0689473684210526,0.0873684210526316,1.0294736842105263,0.1252631578947368,1.853157894736842,-0.2278947368421052,68.03684210526316,0,0.7368421052631579,19.800000000000004,0
2025-12-01 22:41:35+00:00,corso_IoT,ESP_LEOPIZZI,Lecce,Stanza,-0.0663333333333333,0.0866666666666666,1.0303333333333335,0.0886666666666666,1.836,-0.1769999999999999,67.93000000000004,0,2.6333333333333333,19.8,0
2025-12-01 22:42:22.500000+00:00,corso_IoT,ESP_LEOPIZZI,Lecce,Stanza,-0.0655813953488372,0.0846511627906976,1.029302325581396,0.1753488372093023,1.8358139534883715,-0.1502325581395348,67.81395348837212,0,6.209302325581396,19.799999999999983,0
2025-12-01 22:43:10+00:00,corso_IoT,ESP_LEOPIZZI,Lecce,Stanza,-0.0664705882352941,0.085,1.030588235294118,0.1579411764705882,1.771764705882353,-0.1658823529411764,67.78529411764701,0,4.882352941176471,19.799999999999997,0
2025-12-01 22:43:57.500000+00:00,corso_IoT,ESP_LEOPIZZI,Lecce,Stanza,-0.0658823529411765,0.0861764705882353,1.030294117647059,0.1352941176470588,1.8788235294117648,-0.2176470588235294,67.63823529411762,0,9.882352941176473,19.799999999999997,0
2025-12-01 22:44:45+00:00,corso_IoT,ESP_LEOPIZZI,Lecce,Stanza,-0.0655813953488372,0.083953488372093,1.0297674418604656,0.1723255813953488,1.8318604651162784,-0.2213953488372093,67.5139534883721,0,7.72093023255814,19.799999999999983,0
2025-12-01 22:45:32.500000+00:00,corso_IoT,ESP_LEOPIZZI,Lecce,Stanza,-0.0654545454545454,0.0845454545454545,1.0298181818181824,0.1112727272727273,1.8020000000000005,-0.2136363636363636,67.49454545454546,0,8.436363636363636,19.79999999999998,0
2025-12-01 22:46:20+00:00,corso_IoT,ESP_LEOPIZZI,Lecce,Stanza,-0.06625,0.084375,1.0287499999999998,0.120625,1.845625,-0.163125,67.43124999999999,0,9.25,19.800000000000004,0
2025-12-01 22:47:07.500000+00:00,corso_IoT,ESP_LEOPIZZI,Lecce,Stanza,-0.065,0.084375,1.029375,0.18625,1.870625,-0.24625,67.39999999999999,0,8.9375,19.800000000000004,0
2025-12-01 22:47:55+00:00,corso_IoT,ESP_LEOPIZZI,Lecce,Stanza,-0.066578947368421,0.086578947368421,1.0300000000000005,0.156578947368421,1.851842105263158,-0.2252631578947369,67.31315789473686,0,7.0,19.79999999999999,0
2025-12-01 22:48:42.500000+00:00,corso_IoT,ESP_LEOPIZZI,Lecce,Stanza,-0.064,0.0766666666666666,1.026,0.304,1.7253333333333336,-0.15,67.28666666666666,0,8.2,19.800000000000004,0
2025-12-01 22:49:30+00:00,corso_IoT,ESP_LEOPIZZI,Lecce,Stanza,-0.0682051282051282,0.1366666666666666,1.0653846153846156,0.0941025641025641,1.7933333333333332,-0.2307692307692307,67.19230769230768,0,8.820512820512821,19.866666666666653,0
2025-12-01 22:50:17.500000+00:00,corso_IoT,ESP_LEOPIZZI,Lecce,Stanza,-0.0668,0.1393999999999999,1.066400000000001,0.0979999999999999,1.8048,-0.2361999999999999,67.14399999999996,0,9.16,19.85399999999998,0
2025-12-01 22:51:05+00:00,corso_IoT,ESP_LEOPIZZI,Lecce,Stanza,-0.0675,0.1395833333333334,1.0658333333333334,0.15,1.7804166666666668,-0.2441666666666666,67.08749999999999,0,7.125,19.866666666666656,0
2025-12-01 22:51:52.500000+00:00,corso_IoT,ESP_LEOPIZZI,Lecce,Stanza,-0.0674358974358974,0.1384615384615384,1.0664102564102569,0.1661538461538461,1.7871794871794868,-0.2028205128205128,67.0051282051282,0,8.051282051282051,19.89230769230768,0
2025-12-01 22:52:40+00:00,corso_IoT,ESP_LEOPIZZI,Lecce,Stanza,-0.0676470588235294,0.1394117647058824,1.0658823529411767,0.1276470588235294,1.7670588235294118,-0.1929411764705882,67.0,0,8.882352941176471,19.9,0
2025-12-01 22:53:27.500000+00:00,corso_IoT,ESP_LEOPIZZI,Lecce,Stanza,-0.0675675675675675,0.1394594594594594,1.0664864864864865,0.1318918918918918,1.795945945945946,-0.2083783783783784,67.0,0,7.702702702702703,19.899999999999988,0
2025-12-01 22:54:15+00:00,corso_IoT,ESP_LEOPIZZI,Lecce,Stanza,-0.0679487179487179,0.1399999999999999,1.0671794871794875,0.1335897435897436,1.8333333333333333,-0.2102564102564102,66.93333333333337,0,3.948717948717949,19.899999999999984,0
2025-12-01 22:55:02.500000+00:00,corso_IoT,ESP_LEOPIZZI,Lecce,Stanza,-0.0678947368421053,0.14,1.0673684210526315,0.1068421052631579,1.642631578947368,-0.2673684210526315,66.87894736842105,0,5.368421052631579,19.899999999999995,0
2025-12-01 22:55:50+00:00,corso_IoT,ESP_LEOPIZZI,Lecce,Stanza,-0.068,0.14,1.0630000000000002,0.1295,1.7339999999999995,-0.211,66.89500000000001,0,8.25,19.899999999999995,0
2025-12-01 22:56:37.500000+00:00,corso_IoT,ESP_LEOPIZZI,Lecce,Stanza,-0.06875,0.14,1.065625,0.1346875,1.7553125000000005,-0.2384374999999999,66.80624999999998,0,6.4375,19.899999999999988,0
2025-12-01 22:57:25+00:00,corso_IoT,ESP_LEOPIZZI,Lecce,Stanza,-0.0681818181818181,0.1399999999999999,1.0672727272727274,0.1286363636363636,1.7595454545454543,-0.2031818181818181,66.78863636363636,0,2.227272727272727,19.899999999999984,0
2025-12-01 22:58:12.500000+00:00,corso_IoT,ESP_LEOPIZZI,Lecce,Stanza,-0.0687179487179487,0.1399999999999999,1.0664102564102569,0.1448717948717949,1.7923076923076928,-0.2420512820512821,66.69999999999997,0,8.871794871794872,19.899999999999984,0
2025-12-01 22:59:00+00:00,corso_IoT,ESP_LEOPIZZI,Lecce,Stanza,-0.0680769230769231,0.1403846153846154,1.064230769230769,0.1007692307692307,1.8257692307692308,-0.2942307692307693,66.62083333333332,0,6.346153846153846,19.89999999999999,0
2025-12-01 22:59:47.500000+00:00,corso_IoT,ESP_LEOPIZZI,Lecce,Stanza,-0.0689743589743589,0.1405128205128205,1.0674358974358975,0.1241025641025641,1.7084615384615385,-0.2064102564102564,66.59999999999995,0,7.076923076923077,19.899999999999984,0
2025-12-01 23:00:35+00:00,corso_IoT,ESP_LEOPIZZI,Lecce,Stanza,-0.068235294117647,0.1405882352941176,1.0676470588235296,0.0535294117647058,1.7394117647058829,-0.2711764705882353,66.60000000000001,0,8.705882352941176,19.9,0
2025-12-01 23:01:22.500000+00:00,corso_IoT,ESP_LEOPIZZI,Lecce,Stanza,-0.068125,0.14125,1.0675,0.11,1.8225,-0.2281249999999999,66.55000000000001,0,6.0625,19.9,0
2025-12-01 23:02:10+00:00,corso_IoT,ESP_LEOPIZZI,Lecce,Stanza,-0.0683333333333333,0.1400000000000001,1.0666666666666669,0.1245833333333333,1.776666666666667,-0.24125,66.50833333333334,0,2.1666666666666665,19.89999999999999,0
2025-12-01 23:02:57.500000+00:00,corso_IoT,ESP_LEOPIZZI,Lecce,Stanza,-0.0693617021276595,0.1402127659574467,1.065744680851064,0.1370212765957446,1.73936170212766,-0.2704255319148936,66.5,0,4.297872340425532,19.899999999999984,0
2025-12-01 23:03:45+00:00,corso_IoT,ESP_LEOPIZZI,Lecce,Stanza,-0.0690625,0.14,1.0668750000000002,0.1184375,1.6990625,-0.2599999999999999,66.5,0,2.1875,19.899999999999988,0
2025-12-01 23:04:32.500000+00:00,corso_IoT,ESP_LEOPIZZI,Lecce,Stanza,-0.0688888888888889,0.1402777777777777,1.0661111111111112,0.1261111111111111,1.761944444444444,-0.2358333333333333,66.5,0,3.4722222222222223,19.899999999999988,0
2025-12-01 23:05:20+00:00,corso_IoT,ESP_LEOPIZZI,Lecce,Stanza,-0.067659574468085,0.1406382978723403,1.0665957446808514,0.0808510638297872,1.7912765957446806,-0.2272340425531914,66.49148936170214,0,1.1914893617021276,19.899999999999984,0
2025-12-01 23:06:07.500000+00:00,corso_IoT,ESP_LEOPIZZI,Lecce,Stanza,-0.0679166666666667,0.1404166666666667,1.0658333333333334,0.1879166666666666,1.7795833333333333,-0.2516666666666666,66.44166666666669,0,7.333333333333333,19.89999999999999,0
2025-12-01 23:06:55+00:00,corso_IoT,ESP_LEOPIZZI,Lecce,Stanza,-0.0678571428571428,0.14,1.0650000000000002,0.1064285714285714,1.8092857142857144,-0.2542857142857143,66.40714285714284,0,5.642857142857143,19.9,0
2025-12-01 23:07:42.500000+00:00,corso_IoT,ESP_LEOPIZZI,Lecce,Stanza,-0.069,0.1403333333333334,1.067,0.1156666666666667,1.7876666666666663,-0.2356666666666666,66.40333333333336,0,8.866666666666667,19.899999999999988,0
2025-12-01 23:08:30+00:00,corso_IoT,ESP_LEOPIZZI,Lecce,Stanza,-0.0677142857142857,0.1405714285714286,1.066857142857143,0.0977142857142856,1.758571428571429,-0.1937142857142856,66.40000000000003,0,7.828571428571428,19.899999999999988,0
2025-12-01 23:09:17.500000+00:00,corso_IoT,ESP_LEOPIZZI,Lecce,Stanza,-0.0676190476190476,0.1399999999999999,1.066904761904762,0.1330952380952381,1.7669047619047622,-0.2388095238095238,66.38095238095244,0,9.523809523809524,19.899999999999984,0
2025-12-01 23:10:05+00:00,corso_IoT,ESP_LEOPIZZI,Lecce,Stanza,-0.0687179487179487,0.1399999999999999,1.066923076923077,0.1125641025641025,1.785128205128205,-0.2764102564102564,66.348717948718,0,9.512820512820513,19.899999999999984,0
2025-12-01 23:10:52.500000+00:00,corso_IoT,ESP_LEOPIZZI,Lecce,Stanza,-0.0681249999999999,0.1410416666666666,1.0650000000000004,0.1252083333333333,1.72625,-0.2385416666666666,66.30000000000005,0,8.4375,19.899999999999984,0
2025-12-01 23:11:40+00:00,corso_IoT,ESP_LEOPIZZI,Lecce,Stanza,-0.0683333333333333,0.1405555555555555,1.063888888888889,0.16,1.7855555555555556,-0.245,66.30000000000001,0,8.61111111111111,19.899999999999988,0
2025-12-01 23:12:27.500000+00:00,corso_IoT,ESP_LEOPIZZI,Lecce,Stanza,-0.0689361702127659,0.1399999999999999,1.0663829787234045,0.1114893617021276,1.7295744680851068,-0.2497872340425532,66.30000000000004,0,6.617021276595745,19.899999999999984,0
2025-12-01 23:13:15+00:00,corso_IoT,ESP_LEOPIZZI,Lecce,Stanza,-0.0682222222222222,0.1408888888888888,1.0653333333333337,0.1037777777777778,1.7648888888888885,-0.2444444444444445,66.30000000000004,0,7.622222222222222,19.899999999999984,0
2025-12-01 23:14:02.500000+00:00,corso_IoT,ESP_LEOPIZZI,Lecce,Stanza,-0.07,0.14,1.0664285714285715,0.0592857142857142,1.7785714285714285,-0.2428571428571429,66.29999999999998,0,7.785714285714286,19.9,0
2025-12-01 23:14:50+00:00,corso_IoT,ESP_LEOPIZZI,Lecce,Stanza,-0.0686842105263157,0.1405263157894736,1.0663157894736843,0.1160526315789473,1.7276315789473682,-0.2926315789473683,66.30000000000001,0,8.263157894736842,19.899999999999988,0
2025-12-01 23:15:37.500000+00:00,corso_IoT,ESP_LEOPIZZI,Lecce,Stanza,-0.0683333333333333,0.1408333333333333,1.0641666666666667,0.1291666666666666,1.7858333333333332,-0.2725000000000001,66.21666666666667,0,8.36111111111111,19.899999999999988,0
2025-12-01 23:16:25+00:00,corso_IoT,ESP_LEOPIZZI,Lecce,Stanza,-0.0690909090909091,0.1409090909090909,1.0654545454545454,0.1475757575757576,1.7796969696969702,-0.2378787878787879,66.20000000000002,0,5.393939393939394,19.899999999999988,0
2025-12-01 23:17:12.500000+00:00,corso_IoT,ESP_LEOPIZZI,Lecce,Stanza,-0.0682978723404255,0.1410638297872339,1.0653191489361704,0.0838297872340425,1.7451063829787237,-0.2748936170212766,66.19999999999996,0,2.021276595744681,19.89361702127658,0
2025-12-01 23:18:00+00:00,corso_IoT,ESP_LEOPIZZI,Lecce,Stanza,-0.068,0.1405714285714286,1.0668571428571427,0.1065714285714285,1.7154285714285713,-0.2765714285714286,66.2,0,6.514285714285714,19.899999999999988,0
2025-12-01 23:18:47.500000+00:00,corso_IoT,ESP_LEOPIZZI,Lecce,Stanza,-0.0689655172413793,0.1403448275862069,1.0672413793103448,0.1589655172413792,1.7524137931034487,-0.283448275862069,66.20000000000003,0,8.862068965517242,19.899999999999988,0
2025-12-01 23:19:35+00:00,corso_IoT,ESP_LEOPIZZI,Lecce,Stanza,-0.0689189189189189,0.1402702702702702,1.0651351351351357,0.0905405405405405,1.7181081081081082,-0.2662162162162162,66.19999999999999,0,9.432432432432432,19.899999999999988,0
2025-12-01 23:20:22.500000+00:00,corso_IoT,ESP_LEOPIZZI,Lecce,Stanza,-0.0685365853658536,0.1402439024390243,1.0641463414634151,0.0926829268292683,1.761951219512195,-0.2841463414634146,66.19999999999997,0,9.21951219512195,19.89268292682925,0
2025-12-01 23:21:10+00:00,corso_IoT,ESP_LEOPIZZI,Lecce,Stanza,-0.0686440677966101,0.1405084745762711,1.0644067796610177,0.0898305084745762,1.7196610169491524,-0.2664406779661016,66.10169491525417,0,8.94915254237288,19.9,0
2025-12-01 23:21:57.500000+00:00,corso_IoT,ESP_LEOPIZZI,Lecce,Stanza,-0.0938709677419355,0.1458064516129032,1.0564516129032255,0.2070967741935484,0.4780645161290325,0.9838709677419356,66.11612903225804,0,6.967741935483871,19.899999999999988,100
2025-12-01 23:22:45+00:00,corso_IoT,ESP_LEOPIZZI,Lecce,Stanza,-0.1,0.1503703703703703,1.0622222222222222,0.0874074074074074,1.771481481481482,-0.2699999999999999,66.11851851851851,0,8.074074074074074,19.89999999999999,0
2025-12-01 23:23:32.500000+00:00,corso_IoT,ESP_LEOPIZZI,Lecce,Stanza,-0.0995454545454546,0.1500000000000001,1.0606818181818187,0.0895454545454545,1.7559090909090906,-0.2540909090909092,66.09999999999995,0,9.113636363636363,19.899999999999984,0
2025-12-01 23:24:20+00:00,corso_IoT,ESP_LEOPIZZI,Lecce,Stanza,-0.0992592592592592,0.1503703703703705,1.0627777777777785,0.1099999999999999,1.7655555555555555,-0.257037037037037,66.0722222222222,0,8.925925925925926,19.87222222222221,0
2025-12-01 23:25:07.500000+00:00,corso_IoT,ESP_LEOPIZZI,Lecce,Stanza,-0.1,0.1499999999999999,1.0626315789473686,0.0989473684210526,1.7542105263157894,-0.2357894736842105,66.01052631578946,0,9.473684210526317,19.81578947368421,0
2025-12-01 23:25:55+00:00,corso_IoT,ESP_LEOPIZZI,Lecce,Stanza,-0.1,0.1499999999999999,1.0619230769230763,0.1042307692307692,1.6965384615384616,-0.3476923076923076,66.03076923076924,0,9.653846153846152,19.81153846153846,0
2025-12-01 23:26:42.500000+00:00,corso_IoT,ESP_LEOPIZZI,Lecce,Stanza,-0.0995454545454545,0.1506818181818183,1.0627272727272732,0.1413636363636363,1.7504545454545457,-0.2597727272727273,66.0272727272727,0,6.045454545454546,19.811363636363623,0
2025-12-01 23:27:30+00:00,corso_IoT,ESP_LEOPIZZI,Lecce,Stanza,-0.0993103448275861,0.1506896551724139,1.062068965517242,0.0948275862068965,1.7413793103448274,-0.2417241379310344,66.0051724137931,0,3.9655172413793114,19.81034482758619,0
2025-12-01 23:28:17.500000+00:00,corso_IoT,ESP_LEOPIZZI,Lecce,Stanza,-0.1,0.1504651162790698,1.062558139534884,0.0988372093023255,1.7672093023255817,-0.232093023255814,66.0,0,8.279069767441861,19.806976744186034,0
2025-12-01 23:29:05+00:00,corso_IoT,ESP_LEOPIZZI,Lecce,Stanza,-0.0996969696969697,0.1503030303030303,1.061212121212121,0.069090909090909,1.7309090909090907,-0.2687878787878788,66.0,0,8.93939393939394,19.8,0
2025-12-01 23:29:52.500000+00:00,corso_IoT,ESP_LEOPIZZI,Lecce,Stanza,-0.1119999999999999,0.1647272727272727,1.0698181818181822,0.0656363636363636,1.720909090909091,-0.3392727272727273,66.0,0,9.581818181818182,19.79999999999998,0
2025-12-01 23:30:40+00:00,corso_IoT,ESP_LEOPIZZI,Lecce,Stanza,-0.3896363636363634,0.2339999999999999,1.1374545454545453,0.6476363636363633,1.0183636363636364,-0.1418181818181818,66.39636363636366,0,6.054545454545455,19.81090909090907,100
2025-12-01 23:31:27.500000+00:00,corso_IoT,ESP_LEOPIZZI,Lecce,Stanza,-0.612173913043478,0.2595652173913041,1.1791304347826084,0.033695652173913,1.762173913043477,-0.1841304347826086,66.61304347826085,0,9.41304347826087,19.82391304347824,100
2025-12-01 23:32:15+00:00,corso_IoT,ESP_LEOPIZZI,Lecce,Stanza,-0.6138775510204081,0.2597959183673468,1.1779591836734693,0.0646938775510203,1.7573469387755103,-0.1859183673469387,66.40408163265313,0,9.183673469387756,19.799999999999983,100
2025-12-01 23:33:02.500000+00:00,corso_IoT,ESP_LEOPIZZI,Lecce,Stanza,-0.6155319148936171,0.259787234042553,1.1804255319148933,0.045531914893617,1.745106382978724,-0.2114893617021277,66.32978723404258,0,8.25531914893617,19.799999999999983,100
2025-12-01 23:33:50+00:00,corso_IoT,ESP_LEOPIZZI,Lecce,Stanza,-0.6187804878048782,0.2590243902439023,1.1817073170731704,0.0536585365853658,1.7156097560975607,-0.1912195121951219,66.36097560975612,0,9.317073170731708,19.799999999999983,100
2025-12-01 23:34:37.500000+00:00,corso_IoT,ESP_LEOPIZZI,Lecce,Stanza,-0.6195121951219513,0.2585365853658535,1.1807317073170729,0.0719512195121951,1.6826829268292682,-0.2070731707317073,66.2707317073171,0,9.292682926829269,19.799999999999983,100
2025-12-01 23:35:25+00:00,corso_IoT,ESP_LEOPIZZI,Lecce,Stanza,-0.6199999999999997,0.2599999999999998,1.1813636363636364,-0.0027272727272727,1.7586363636363636,-0.1527272727272727,66.29090909090907,0,7.863636363636363,19.800000000000008,100
2025-12-01 23:36:12.500000+00:00,corso_IoT,ESP_LEOPIZZI,Lecce,Stanza,-0.6195555555555557,0.2597777777777776,1.1808888888888889,0.0668888888888888,1.7648888888888892,-0.1955555555555555,66.27555555555561,0,10.088888888888889,19.799999999999983,100
2025-12-01 23:37:00+00:00,corso_IoT,ESP_LEOPIZZI,Lecce,Stanza,-0.6200000000000003,0.2599999999999998,1.1801960784313723,0.010392156862745,1.7458823529411762,-0.1684313725490196,66.28823529411768,0,10.431372549019608,19.799999999999983,100
2025-12-01 23:37:47.500000+00:00,corso_IoT,ESP_LEOPIZZI,Lecce,Stanza,-0.6202083333333336,0.2591666666666665,1.1804166666666664,0.0916666666666666,1.7518750000000003,-0.1708333333333333,66.30000000000005,0,9.104166666666666,19.799999999999983,100
2025-12-01 23:38:35+00:00,corso_IoT,ESP_LEOPIZZI,Lecce,Stanza,-0.6194117647058823,0.2582352941176469,1.1802941176470587,0.0591176470588235,1.7582352941176471,-0.2332352941176471,66.32647058823531,0,9.117647058823527,19.799999999999997,100
2025-12-01 23:39:22.500000+00:00,corso_IoT,ESP_LEOPIZZI,Lecce,Stanza,-0.6196969696969695,0.258181818181818,1.1790909090909092,0.013030303030303,1.7393939393939388,-0.1942424242424242,66.29999999999998,0,8.93939393939394,19.8,100
2025-12-01 23:40:10+00:00,corso_IoT,ESP_LEOPIZZI,Lecce,Stanza,-0.6196969696969696,0.2596969696969695,1.179090909090909,0.0172727272727272,1.7509090909090914,-0.1751515151515151,66.36969696969699,0,8.727272727272727,19.8,100
2025-12-01 23:40:57.500000+00:00,corso_IoT,ESP_LEOPIZZI,Lecce,Stanza,-0.6202941176470587,0.2588235294117645,1.1788235294117646,0.0476470588235294,1.7297058823529412,-0.168235294117647,66.33235294117647,0,8.852941176470589,19.799999999999997,100
2025-12-01 23:41:45+00:00,corso_IoT,ESP_LEOPIZZI,Lecce,Stanza,-0.6195348837209305,0.2586046511627906,1.1786046511627908,0.0902325581395348,1.7472093023255817,-0.161860465116279,66.29069767441861,0,3.627906976744186,19.799999999999983,100
2025-12-01 23:42:32.500000+00:00,corso_IoT,ESP_LEOPIZZI,Lecce,Stanza,-0.62,0.2594444444444443,1.1780555555555554,0.0722222222222222,1.7013888888888886,-0.1844444444444444,66.21666666666665,0,9.916666666666666,19.799999999999997,100
2025-12-01 23:43:20+00:00,corso_IoT,ESP_LEOPIZZI,Lecce,Stanza,-0.619310344827586,0.2586206896551722,1.1765517241379313,0.0417241379310344,1.706206896551724,-0.2224137931034484,66.24137931034484,0,9.03448275862069,19.8,100
2025-12-01 23:44:07.500000+00:00,corso_IoT,ESP_LEOPIZZI,Lecce,Stanza,-0.6199999999999999,0.2581249999999999,1.1775,0.056875,1.7168750000000004,-0.2278125,66.20000000000002,0,9.0625,19.8,100
2025-12-01 23:44:55+00:00,corso_IoT,ESP_LEOPIZZI,Lecce,Stanza,-0.6194736842105261,0.2599999999999999,1.177894736842105,0.0257894736842105,1.6521052631578943,-0.1657894736842105,66.22631578947369,0,8.842105263157896,19.800000000000004,100
2025-12-01 23:45:42.500000+00:00,corso_IoT,ESP_LEOPIZZI,Lecce,Stanza,-0.6197435897435898,0.2587179487179485,1.1787179487179489,0.0676923076923076,1.6933333333333331,-0.1643589743589743,66.29230769230769,0,8.974358974358974,19.79999999999999,100
2025-12-01 23:46:30+00:00,corso_IoT,ESP_LEOPIZZI,Lecce,Stanza,-0.6204761904761903,0.2595238095238094,1.1823809523809523,-0.0061904761904761,1.752857142857143,-0.2285714285714285,66.22857142857144,0,8.904761904761905,19.800000000000004,100
2025-12-01 23:47:17.500000+00:00,corso_IoT,ESP_LEOPIZZI,Lecce,Stanza,-0.6208510638297875,0.259787234042553,1.178085106382979,0.0751063829787234,1.7099999999999993,-0.1648936170212766,66.19999999999996,0,8.851063829787234,19.799999999999983,100
2025-12-01 23:48:05+00:00,corso_IoT,ESP_LEOPIZZI,Lecce,Stanza,-0.6199999999999998,0.2578947368421052,1.178421052631579,-0.0426315789473684,1.726842105263158,-0.2342105263157894,66.20000000000002,0,8.894736842105264,19.800000000000004,100
2025-12-01 23:48:52.500000+00:00,corso_IoT,ESP_LEOPIZZI,Lecce,Stanza,-0.6215909090909091,0.2586363636363635,1.1804545454545452,0.069090909090909,1.7618181818181824,-0.2143181818181818,66.19999999999996,0,9.522727272727272,19.799999999999983,100
2025-12-01 23:49:40+00:00,corso_IoT,ESP_LEOPIZZI,Lecce,Stanza,-0.6221739130434781,0.2591304347826085,1.178695652173913,0.0113043478260869,1.7939130434782604,-0.2134782608695651,66.20000000000003,0,8.304347826086957,19.800000000000008,100
2025-12-01 23:50:27.500000+00:00,corso_IoT,ESP_LEOPIZZI,Lecce,Stanza,-0.6215624999999999,0.2587499999999998,1.1809375,0.0796875,1.7384375,-0.196875,66.30624999999998,0,8.75,19.85312499999999,100
2025-12-01 23:51:15+00:00,corso_IoT,ESP_LEOPIZZI,Lecce,Stanza,-0.5400000000000001,0.1725714285714285,1.0945714285714283,0.5102857142857142,2.3320000000000007,-0.2837142857142857,66.29714285714286,0,6.142857142857143,19.97714285714286,0
2025-12-01 23:52:02.500000+00:00,corso_IoT,ESP_LEOPIZZI,Lecce,Stanza,-0.4582926829268296,-0.0404878048780488,0.93,0.0941463414634146,1.7702439024390246,-0.2858536585365853,66.27560975609757,0,0.6585365853658537,20.0,0
2025-12-01 23:52:50+00:00,corso_IoT,ESP_LEOPIZZI,Lecce,Stanza,-0.3457142857142858,-0.0991836734693877,0.9048979591836736,-0.4644897959183673,1.7979591836734692,-0.3306122448979591,65.80204081632651,0,7.489795918367347,19.993877551020407,100
2025-12-01 23:53:37.500000+00:00,corso_IoT,ESP_LEOPIZZI,Lecce,Stanza,-0.2712068965517237,-0.1527586206896553,0.8801724137931038,0.3441379310344826,1.8515517241379316,-0.1279310344827586,65.69999999999993,0,9.551724137931034,19.9103448275862,0
2025-12-01 23:54:25+00:00,corso_IoT,ESP_LEOPIZZI,Lecce,Stanza,-0.2797619047619046,-0.1583333333333334,0.8821428571428572,0.0676190476190476,1.8252380952380955,-0.2073809523809524,65.83333333333336,0,9.38095238095238,19.80476190476189,0
2025-12-01 23:55:12.500000+00:00,corso_IoT,ESP_LEOPIZZI,Lecce,Stanza,-0.2799999999999999,-0.15875,0.881,0.02225,1.71675,-0.25575,65.95250000000001,0,9.1,19.79999999999999,0
2025-12-01 23:56:00+00:00,corso_IoT,ESP_LEOPIZZI,Lecce,Stanza,-0.2808474576271185,-0.1591525423728814,0.8803389830508478,0.0291525423728813,1.7586440677966104,-0.2176271186440677,66.01016949152542,0,9.254237288135592,19.79999999999998,0
2025-12-01 23:56:47.500000+00:00,corso_IoT,ESP_LEOPIZZI,Lecce,Stanza,-0.2804999999999998,-0.1598333333333334,0.8810000000000007,0.105,1.8103333333333336,-0.188,66.11999999999995,0,4.55,19.799999999999976,0
2025-12-01 23:57:35+00:00,corso_IoT,ESP_LEOPIZZI,Lecce,Stanza,-0.2810169491525421,-0.1598305084745763,0.8793220338983058,0.0361016949152542,1.754745762711864,-0.2235593220338983,66.03050847457628,0,4.864406779661017,19.79999999999998,0
2025-12-01 23:58:22.500000+00:00,corso_IoT,ESP_LEOPIZZI,Lecce,Stanza,-0.2812499999999997,-0.1596428571428572,0.8792857142857147,0.0094642857142857,1.7780357142857144,-0.2273214285714286,66.0,0,6.0,19.79999999999998,0
2025-12-01 23:59:10+00:00,corso_IoT,ESP_LEOPIZZI,Lecce,Stanza,-0.2803703703703701,-0.1600000000000001,0.879444444444445,0.0435185185185185,1.829074074074074,-0.2068518518518518,66.0,0,7.37037037037037,19.79999999999998,0
2025-12-01 23:59:57.500000+00:00,corso_IoT,ESP_LEOPIZZI,Lecce,Stanza,-0.2802941176470588,-0.1597058823529412,0.8791176470588232,0.0194117647058823,1.7720588235294117,-0.1905882352941176,66.02647058823528,0,3.147058823529412,19.799999999999997,0
2025-12-02 00:00:45+00:00,corso_IoT,ESP_LEOPIZZI,Lecce,Stanza,-0.2801923076923075,-0.1600000000000001,0.8790384615384621,0.0778846153846154,1.7667307692307697,-0.2021153846153846,66.0,0,9.538461538461538,19.79999999999998,0
2025-12-02 00:01:32.500000+00:00,corso_IoT,ESP_LEOPIZZI,Lecce,Stanza,-0.2804166666666668,-0.16,0.8808333333333334,0.035,1.7587500000000005,-0.1491666666666666,66.04166666666667,0,8.708333333333334,19.800000000000008,0
2025-12-02 00:02:20+00:00,corso_IoT,ESP_LEOPIZZI,Lecce,Stanza,-0.281025641025641,-0.1600000000000001,0.8792307692307693,0.0494871794871794,1.78948717948718,-0.2325641025641026,66.04871794871791,0,9.76923076923077,19.79999999999999,0
2025-12-02 00:03:07.500000+00:00,corso_IoT,ESP_LEOPIZZI,Lecce,Stanza,-0.2814285714285712,-0.159795918367347,0.8789795918367348,0.0608163265306122,1.749591836734694,-0.2173469387755101,66.03673469387755,0,9.040816326530612,19.799999999999983,0
2025-12-02 00:03:55+00:00,corso_IoT,ESP_LEOPIZZI,Lecce,Stanza,-0.2819230769230771,-0.16,0.8761538461538462,0.1496153846153846,1.7950000000000004,-0.1815384615384615,66.0,0,9.0,19.800000000000008,0
2025-12-02 00:04:42.500000+00:00,corso_IoT,ESP_LEOPIZZI,Lecce,Stanza,-0.2810169491525421,-0.1603389830508475,0.8796610169491531,0.0498305084745762,1.7871186440677966,-0.1883050847457627,66.0050847457627,0,9.152542372881356,19.79491525423727,0
2025-12-02 00:05:30+00:00,corso_IoT,ESP_LEOPIZZI,Lecce,Stanza,-0.2820338983050845,-0.1600000000000001,0.8781355932203396,0.0105084745762712,1.809830508474577,-0.1771186440677966,66.02033898305083,0,7.152542372881356,19.794915254237267,0
2025-12-02 00:06:17.500000+00:00,corso_IoT,ESP_LEOPIZZI,Lecce,Stanza,-0.2811111111111108,-0.1603703703703704,0.8785185185185189,0.0738888888888888,1.781481481481481,-0.1805555555555555,66.03148148148148,0,7.944444444444445,19.79999999999998,0
2025-12-02 00:07:05+00:00,corso_IoT,ESP_LEOPIZZI,Lecce,Stanza,-0.2813333333333331,-0.1603333333333334,0.8785000000000005,0.0478333333333333,1.817666666666667,-0.1921666666666667,66.01,0,6.683333333333334,19.78999999999998,0
2025-12-02 00:07:52.500000+00:00,corso_IoT,ESP_LEOPIZZI,Lecce,Stanza,-0.2820338983050845,-0.1600000000000001,0.8784745762711869,0.0208474576271186,1.838135593220339,-0.1857627118644068,66.03559322033895,0,9.135593220338984,19.76440677966102,0
2025-12-02 00:08:40+00:00,corso_IoT,ESP_LEOPIZZI,Lecce,Stanza,-0.2816981132075469,-0.1603773584905661,0.8796226415094344,0.0233962264150943,1.830377358490566,-0.2033962264150943,66.0584905660377,0,9.37735849056604,19.70000000000002,0
2025-12-02 00:09:27.500000+00:00,corso_IoT,ESP_LEOPIZZI,Lecce,Stanza,-0.2822448979591834,-0.1602040816326531,0.878571428571429,0.0310204081632653,1.8518367346938776,-0.1697959183673469,66.09387755102036,0,4.020408163265306,19.706122448979603,0
2025-12-02 00:10:15+00:00,corso_IoT,ESP_LEOPIZZI,Lecce,Stanza,-0.282413793103448,-0.1600000000000001,0.8777586206896556,-0.0187931034482758,1.7634482758620695,-0.1986206896551723,66.05344827586204,0,6.051724137931035,19.70000000000002,0
2025-12-02 00:11:02.500000+00:00,corso_IoT,ESP_LEOPIZZI,Lecce,Stanza,-0.2818918918918918,-0.1602702702702703,0.8783783783783784,0.0505405405405405,1.7967567567567564,-0.2054054054054053,66.09999999999995,0,6.54054054054054,19.70000000000001,0
2025-12-02 00:11:50+00:00,corso_IoT,ESP_LEOPIZZI,Lecce,Stanza,-0.2833333333333331,-0.1600000000000001,0.8786666666666669,0.0344444444444444,1.7975555555555558,-0.1782222222222222,66.09333333333329,0,4.133333333333334,19.700000000000014,0
2025-12-02 00:12:37.500000+00:00,corso_IoT,ESP_LEOPIZZI,Lecce,Stanza,-0.282222222222222,-0.1603703703703704,0.8774074074074077,0.0316666666666666,1.8688888888888888,-0.1966666666666666,66.09999999999994,0,7.185185185185185,19.70000000000002,0
2025-12-02 00:13:25+00:00,corso_IoT,ESP_LEOPIZZI,Lecce,Stanza,-0.2840476190476189,-0.1600000000000001,0.8780952380952384,0.083095238095238,1.822619047619048,-0.1897619047619048,66.07619047619045,0,5.571428571428571,19.700000000000014,0
2025-12-02 00:14:12.500000+00:00,corso_IoT,ESP_LEOPIZZI,Lecce,Stanza,-0.282051282051282,-0.1602564102564103,0.878205128205128,0.0561538461538461,1.833846153846154,-0.1625641025641025,66.07692307692302,0,8.846153846153847,19.70000000000001,0
2025-12-02 00:15:00+00:00,corso_IoT,ESP_LEOPIZZI,Lecce,Stanza,-0.2820338983050845,-0.1605084745762713,0.877288135593221,0.0564406779661016,1.8161016949152544,-0.2022033898305085,66.08474576271182,0,8.847457627118644,19.70000000000002,0
2025-12-02 00:15:47.500000+00:00,corso_IoT,ESP_LEOPIZZI,Lecce,Stanza,-0.2818367346938773,-0.1602040816326531,0.8791836734693883,0.0432653061224489,1.7779591836734692,-0.2016326530612245,66.0,0,8.89795918367347,19.700000000000017,0
2025-12-02 00:16:35+00:00,corso_IoT,ESP_LEOPIZZI,Lecce,Stanza,-0.2818965517241377,-0.1605172413793104,0.8791379310344832,0.0293103448275862,1.768793103448276,-0.1789655172413793,66.02931034482758,0,9.155172413793103,19.70000000000002,0
2025-12-02 00:17:22.500000+00:00,corso_IoT,ESP_LEOPIZZI,Lecce,Stanza,-0.2828888888888887,-0.1613333333333334,0.8791111111111112,0.0508888888888888,1.7986666666666662,-0.2099999999999999,66.0,0,8.755555555555556,19.700000000000014,0
2025-12-02 00:18:10+00:00,corso_IoT,ESP_LEOPIZZI,Lecce,Stanza,-0.2823728813559319,-0.1603389830508475,0.876949152542373,0.0147457627118644,1.8113559322033903,-0.2091525423728814,66.0,0,9.728813559322036,19.694915254237305,0
2025-12-02 00:18:57.500000+00:00,corso_IoT,ESP_LEOPIZZI,Lecce,Stanza,-0.2815517241379308,-0.1601724137931035,0.8779310344827591,0.0429310344827586,1.7896551724137937,-0.1774137931034483,65.9844827586207,0,9.413793103448276,19.70000000000002,0
2025-12-02 00:19:45+00:00,corso_IoT,ESP_LEOPIZZI,Lecce,Stanza,-0.2825999999999998,-0.1604000000000001,0.8778,0.0687999999999999,1.8076,-0.175,66.0,0,9.06,19.700000000000017,0
2025-12-02 00:20:32.500000+00:00,corso_IoT,ESP_LEOPIZZI,Lecce,Stanza,-0.2819999999999998,-0.1604,0.8774000000000004,0.035,1.8062000000000007,-0.2134,66.0,0,8.74,19.700000000000017,0
2025-12-02 00:21:20+00:00,corso_IoT,ESP_LEOPIZZI,Lecce,Stanza,-0.2815254237288134,-0.1600000000000001,0.8767796610169492,0.0562711864406779,1.7823728813559323,-0.1950847457627118,66.0,0,8.59322033898305,19.70000000000002,0
2025-12-02 00:22:07.500000+00:00,corso_IoT,ESP_LEOPIZZI,Lecce,Stanza,-0.2818644067796607,-0.1610169491525424,0.8777966101694917,0.0716949152542372,1.847118644067797,-0.1850847457627119,65.9288135593221,0,9.423728813559322,19.6898305084746,0
2025-12-02 00:22:55+00:00,corso_IoT,ESP_LEOPIZZI,Lecce,Stanza,-0.2824489795918365,-0.1612244897959184,0.8763265306122453,0.0481632653061224,1.7997959183673469,-0.1665306122448979,65.92857142857146,0,8.89795918367347,19.64897959183675,0
2025-12-02 00:23:42.500000+00:00,corso_IoT,ESP_LEOPIZZI,Lecce,Stanza,-0.2826666666666664,-0.1608333333333334,0.8780000000000002,0.0235,1.7786666666666668,-0.168,65.96000000000004,0,8.966666666666667,19.69000000000001,0
2025-12-02 00:24:30+00:00,corso_IoT,ESP_LEOPIZZI,Lecce,Stanza,-0.2830508474576269,-0.1603389830508475,0.8771186440677972,0.0633898305084745,1.824915254237288,-0.1742372881355932,65.91186440677973,0,9.084745762711863,19.667796610169493,0
2025-12-02 00:25:17.500000+00:00,corso_IoT,ESP_LEOPIZZI,Lecce,Stanza,-0.2823999999999998,-0.1606000000000001,0.8774,0.0414,1.8249999999999995,-0.1861999999999999,65.90400000000005,0,8.78,19.600000000000016,0
2025-12-02 00:26:05+00:00,corso_IoT,ESP_LEOPIZZI,Lecce,Stanza,-0.2823333333333331,-0.1605,0.8771666666666669,0.035,1.777,-0.1913333333333333,65.94833333333337,0,8.966666666666667,19.688333333333357,0
2025-12-02 00:26:52.500000+00:00,corso_IoT,ESP_LEOPIZZI,Lecce,Stanza,-0.2817241379310342,-0.1605172413793104,0.8781034482758624,0.0613793103448275,1.840689655172414,-0.1875862068965517,65.90000000000006,0,8.189655172413794,19.68965517241381,0
2025-12-02 00:27:40+00:00,corso_IoT,ESP_LEOPIZZI,Lecce,Stanza,-0.2825423728813557,-0.1601694915254238,0.8769491525423732,0.0510169491525423,1.8508474576271183,-0.2259322033898306,65.86101694915264,0,4.47457627118644,19.671186440677968,0
2025-12-02 00:28:27.500000+00:00,corso_IoT,ESP_LEOPIZZI,Lecce,Stanza,-0.2834615384615382,-0.1607692307692308,0.8767307692307695,0.0559615384615384,1.8048076923076928,-0.2128846153846154,65.84615384615387,0,9.173076923076923,19.61923076923079,0
2025-12-02 00:29:15+00:00,corso_IoT,ESP_LEOPIZZI,Lecce,Stanza,-0.2835714285714284,-0.1619047619047619,0.877380952380952,0.065,1.837619047619047,-0.2054761904761905,65.8928571428572,0,4.714285714285714,19.683333333333344,0
2025-12-02 00:30:02.500000+00:00,corso_IoT,ESP_LEOPIZZI,Lecce,Stanza,-0.2824999999999998,-0.1625,0.8770833333333335,0.0456249999999999,1.8164583333333333,-0.2241666666666666,65.82500000000003,0,4.083333333333333,19.600000000000016,0
2025-12-02 00:30:50+00:00,corso_IoT,ESP_LEOPIZZI,Lecce,Stanza,-0.2832203389830506,-0.1613559322033899,0.8767796610169494,0.0464406779661016,1.817288135593221,-0.2245762711864406,65.87966101694923,0,7.271186440677966,19.635593220339008,0
2025-12-02 00:31:37.500000+00:00,corso_IoT,ESP_LEOPIZZI,Lecce,Stanza,-0.2826229508196719,-0.1603278688524591,0.8778688524590168,0.0077049180327868,1.794590163934427,-0.2008196721311475,65.80000000000007,0,9.311475409836063,19.60983606557377,0
2025-12-02 00:32:25+00:00,corso_IoT,ESP_LEOPIZZI,Lecce,Stanza,-0.2841666666666664,-0.1610000000000001,0.8770000000000001,0.0644999999999999,1.793,-0.1953333333333334,65.80000000000007,0,6.95,19.600000000000005,0
2025-12-02 00:33:12.500000+00:00,corso_IoT,ESP_LEOPIZZI,Lecce,Stanza,-0.2833333333333331,-0.1618518518518519,0.8770370370370371,0.0168518518518518,1.7661111111111112,-0.2492592592592593,65.80000000000005,0,10.092592592592592,19.600000000000016,0
2025-12-02 00:34:00+00:00,corso_IoT,ESP_LEOPIZZI,Lecce,Stanza,-0.2820338983050845,-0.1613559322033899,0.8766101694915253,-0.0054237288135593,1.8347457627118644,-0.2061016949152543,65.80000000000007,0,9.186440677966102,19.600000000000005,0
2025-12-02 00:34:47.500000+00:00,corso_IoT,ESP_LEOPIZZI,Lecce,Stanza,-0.2823214285714283,-0.1607142857142858,0.8771428571428574,0.03625,1.7964285714285717,-0.2217857142857142,65.80000000000005,0,9.214285714285714,19.60000000000001,0
2025-12-02 00:35:35+00:00,corso_IoT,ESP_LEOPIZZI,Lecce,Stanza,-0.283207547169811,-0.1609433962264151,0.8758490566037733,0.0316981132075471,1.788679245283019,-0.2018867924528301,65.80000000000005,0,9.566037735849056,19.600000000000016,0
2025-12-02 00:36:22.500000+00:00,corso_IoT,ESP_LEOPIZZI,Lecce,Stanza,-0.2833333333333331,-0.1608333333333334,0.8760000000000001,0.0563333333333333,1.8186666666666664,-0.193,65.80000000000007,0,9.133333333333333,19.600000000000005,0
2025-12-02 00:37:10+00:00,corso_IoT,ESP_LEOPIZZI,Lecce,Stanza,-0.2821311475409834,-0.1618032786885246,0.8770491803278693,0.0393442622950819,1.817377049180328,-0.2214754098360655,65.80000000000007,0,9.229508196721312,19.6,0
2025-12-02 00:37:57.500000+00:00,corso_IoT,ESP_LEOPIZZI,Lecce,Stanza,-0.2822916666666664,-0.1608333333333334,0.8774999999999998,0.0447916666666666,1.8293750000000009,-0.22,65.80000000000004,0,8.916666666666666,19.600000000000016,0
2025-12-02 00:38:45+00:00,corso_IoT,ESP_LEOPIZZI,Lecce,Stanza,-0.2869811320754716,-0.1643396226415094,0.8760377358490568,0.030754716981132,1.702264150943396,-0.2009433962264151,65.79245283018871,0,8.90566037735849,19.600000000000016,0
2025-12-02 00:39:32.500000+00:00,corso_IoT,ESP_LEOPIZZI,Lecce,Stanza,-0.3803333333333331,-0.1793333333333332,0.8729999999999996,0.046,1.628666666666667,-0.1728333333333334,65.69999999999993,0,8.066666666666666,19.600000000000005,0
2025-12-02 00:40:20+00:00,corso_IoT,ESP_LEOPIZZI,Lecce,Stanza,-0.3999999999999998,-0.1803773584905659,0.872075471698113,0.0984905660377358,1.7896226415094338,-0.2411320754716981,65.68867924528296,0,9.11320754716981,19.62452830188681,0
2025-12-02 00:41:07.500000+00:00,corso_IoT,ESP_LEOPIZZI,Lecce,Stanza,-0.4003508771929822,-0.1807017543859647,0.8729824561403506,0.0668421052631578,1.813508771929825,-0.2405263157894737,65.64385964912277,0,9.43859649122807,19.69298245614037,0
2025-12-02 00:41:55+00:00,corso_IoT,ESP_LEOPIZZI,Lecce,Stanza,-0.4008928571428569,-0.179642857142857,0.8742857142857139,-0.0594642857142857,1.8385714285714296,-0.2276785714285714,65.59999999999994,0,8.232142857142858,19.70000000000002,0
2025-12-02 00:42:42.500000+00:00,corso_IoT,ESP_LEOPIZZI,Lecce,Stanza,-0.3726229508196721,-0.1604918032786886,0.8768852459016397,0.0301639344262295,1.807213114754098,-0.2195081967213115,65.59508196721306,0,5.622950819672131,19.700000000000024,0
2025-12-02 00:43:30+00:00,corso_IoT,ESP_LEOPIZZI,Lecce,Stanza,-0.3723728813559322,-0.1601694915254238,0.8767796610169498,0.0572881355932203,1.7954237288135593,-0.2030508474576272,65.57627118644064,0,7.813559322033898,19.70000000000002,0
2025-12-02 00:44:17.500000+00:00,corso_IoT,ESP_LEOPIZZI,Lecce,Stanza,-0.3728333333333334,-0.1593333333333334,0.878333333333334,0.0378333333333333,1.801666666666667,-0.1768333333333334,65.5,0,7.883333333333334,19.69166666666668,0
2025-12-02 00:45:05+00:00,corso_IoT,ESP_LEOPIZZI,Lecce,Stanza,-0.3737288135593219,-0.1593220338983051,0.8783050847457632,0.025593220338983,1.8059322033898304,-0.2125423728813559,65.5050847457627,0,8.983050847457626,19.68305084745765,0
2025-12-02 00:45:52.500000+00:00,corso_IoT,ESP_LEOPIZZI,Lecce,Stanza,-0.3724999999999999,-0.1596666666666667,0.8786666666666674,0.0091666666666666,1.8125000000000004,-0.1805,65.5,0,9.416666666666666,19.69000000000001,0
2025-12-02 00:46:40+00:00,corso_IoT,ESP_LEOPIZZI,Lecce,Stanza,-0.3738983050847458,-0.1589830508474577,0.8781355932203394,0.053728813559322,1.8032203389830508,-0.1883050847457627,65.51864406779659,0,9.05084745762712,19.68644067796612,0
2025-12-02 00:47:27.500000+00:00,corso_IoT,ESP_LEOPIZZI,Lecce,Stanza,-0.3748214285714286,-0.1592857142857144,0.878928571428572,0.0008928571428571,1.775357142857143,-0.1960714285714285,65.5,0,6.660714285714286,19.69642857142859,0
2025-12-02 00:48:15+00:00,corso_IoT,ESP_LEOPIZZI,Lecce,Stanza,-0.3739655172413794,-0.1589655172413794,0.8767241379310349,0.0617241379310344,1.8189655172413797,-0.1787931034482759,65.49655172413793,0,9.758620689655173,19.70000000000002,0
2025-12-02 00:49:02.500000+00:00,corso_IoT,ESP_LEOPIZZI,Lecce,Stanza,-0.375,-0.1581034482758622,0.8775862068965521,0.0487931034482758,1.807931034482759,-0.21,65.46724137931037,0,8.155172413793103,19.70000000000002,0
2025-12-02 00:49:50+00:00,corso_IoT,ESP_LEOPIZZI,Lecce,Stanza,-0.3741379310344828,-0.1579310344827587,0.8775862068965522,0.0479310344827586,1.80896551724138,-0.1822413793103448,65.40517241379317,0,9.189655172413794,19.70000000000002,0
2025-12-02 00:50:37.500000+00:00,corso_IoT,ESP_LEOPIZZI,Lecce,Stanza,-0.3758620689655171,-0.1591379310344828,0.8786206896551728,0.0094827586206896,1.8141379310344832,-0.1975862068965518,65.40000000000006,0,9.051724137931034,19.70000000000002,0
2025-12-02 00:51:25+00:00,corso_IoT,ESP_LEOPIZZI,Lecce,Stanza,-0.3750877192982457,-0.1573684210526316,0.8787719298245622,0.07,1.8333333333333333,-0.2221052631578947,65.40000000000006,0,5.824561403508772,19.70000000000002,0
2025-12-02 00:52:12.500000+00:00,corso_IoT,ESP_LEOPIZZI,Lecce,Stanza,-0.3774074074074074,-0.1575925925925927,0.8781481481481482,0.0068518518518518,1.831111111111112,-0.2068518518518518,65.38148148148156,0,7.166666666666667,19.70000000000002,0
2025-12-02 00:53:00+00:00,corso_IoT,ESP_LEOPIZZI,Lecce,Stanza,-0.3770454545454547,-0.1579545454545455,0.8779545454545459,0.0036363636363636,1.8022727272727268,-0.2063636363636363,65.30000000000003,0,6.431818181818182,19.700000000000014,0
2025-12-02 00:53:47.500000+00:00,corso_IoT,ESP_LEOPIZZI,Lecce,Stanza,-0.3776086956521739,-0.1580434782608696,0.8786956521739131,0.0589130434782608,1.8060869565217397,-0.1958695652173913,65.28913043478265,0,3.130434782608696,19.700000000000017,0
2025-12-02 00:54:35+00:00,corso_IoT,ESP_LEOPIZZI,Lecce,Stanza,-0.376140350877193,-0.1571929824561405,0.8784210526315797,0.0212280701754385,1.782280701754386,-0.2071929824561404,65.29473684210534,0,5.2105263157894735,19.70000000000002,0
2025-12-02 00:55:22.500000+00:00,corso_IoT,ESP_LEOPIZZI,Lecce,Stanza,-0.3768965517241379,-0.1572413793103449,0.8781034482758628,0.0625862068965517,1.7915517241379315,-0.202758620689655,65.25862068965509,0,8.96551724137931,19.70000000000002,0
2025-12-02 00:56:10+00:00,corso_IoT,ESP_LEOPIZZI,Lecce,Stanza,-0.3770175438596491,-0.1577192982456141,0.8792982456140357,0.0501754385964912,1.800701754385965,-0.2208771929824561,65.1947368421052,0,9.192982456140353,19.70000000000002,0
2025-12-02 00:56:57.500000+00:00,corso_IoT,ESP_LEOPIZZI,Lecce,Stanza,-0.3763793103448278,-0.1589655172413794,0.8770689655172416,0.0493103448275861,1.7837931034482764,-0.1863793103448276,65.16724137931031,0,9.275862068965518,19.70000000000002,0
2025-12-02 00:57:45+00:00,corso_IoT,ESP_LEOPIZZI,Lecce,Stanza,-0.3773684210526314,-0.1577192982456141,0.8785964912280708,0.0291228070175438,1.7689473684210528,-0.1750877192982456,65.09999999999994,0,6.491228070175438,19.70000000000002,0
2025-12-02 00:58:32.500000+00:00,corso_IoT,ESP_LEOPIZZI,Lecce,Stanza,-0.3772881355932205,-0.1574576271186441,0.877796610169492,0.04,1.7805084745762714,-0.1805084745762713,65.09999999999994,0,6.694915254237288,19.70000000000002,0
2025-12-02 00:59:20+00:00,corso_IoT,ESP_LEOPIZZI,Lecce,Stanza,-0.3762068965517242,-0.156896551724138,0.8791379310344832,0.0586206896551724,1.8482758620689657,-0.1905172413793104,65.09999999999994,0,6.689655172413793,19.686206896551735,0
2025-12-02 01:00:07.500000+00:00,corso_IoT,ESP_LEOPIZZI,Lecce,Stanza,-0.3754545454545453,-0.1576363636363637,0.8781818181818184,0.035090909090909,1.7907272727272727,-0.1996363636363635,65.09999999999994,0,8.818181818181818,19.692727272727293,0
2025-12-02 01:00:55+00:00,corso_IoT,ESP_LEOPIZZI,Lecce,Stanza,-0.3756818181818182,-0.1590909090909092,0.8779545454545452,0.0827272727272727,1.819090909090909,-0.1897727272727273,65.09999999999995,0,5.477272727272728,19.68636363636365,0
2025-12-02 01:01:42.500000+00:00,corso_IoT,ESP_LEOPIZZI,Lecce,Stanza,-0.3765517241379309,-0.1582758620689656,0.8782758620689661,0.0705172413793103,1.8455172413793104,-0.1936206896551724,65.09999999999994,0,7.724137931034483,19.694827586206912,0
2025-12-02 01:02:30+00:00,corso_IoT,ESP_LEOPIZZI,Lecce,Stanza,-0.3759649122807018,-0.1585964912280703,0.8782456140350883,0.0322807017543859,1.8161403508771927,-0.1845614035087719,65.09999999999994,0,9.228070175438596,19.696491228070197,0
2025-12-02 01:03:17.500000+00:00,corso_IoT,ESP_LEOPIZZI,Lecce,Stanza,-0.3771929824561403,-0.1585964912280703,0.8785964912280709,0.0521052631578947,1.7938596491228067,-0.2036842105263157,65.09999999999994,0,9.75438596491228,19.64210526315791,0
2025-12-02 01:04:05+00:00,corso_IoT,ESP_LEOPIZZI,Lecce,Stanza,-0.3773684210526315,-0.1578947368421053,0.8778947368421056,0.0591228070175438,1.8191228070175436,-0.1922807017543859,65.08947368421047,0,9.771929824561404,19.66666666666669,0
2025-12-02 01:04:52.500000+00:00,corso_IoT,ESP_LEOPIZZI,Lecce,Stanza,-0.3775862068965516,-0.1586206896551725,0.8774137931034487,0.0574137931034482,1.7775862068965511,-0.2055172413793103,65.09482758620685,0,6.120689655172414,19.689655172413808,0
2025-12-02 01:05:40+00:00,corso_IoT,ESP_LEOPIZZI,Lecce,Stanza,-0.3774509803921569,-0.1584313725490197,0.8782352941176473,0.0462745098039215,1.7866666666666664,-0.19,65.0490196078431,0,8.627450980392156,19.700000000000017,0
2025-12-02 01:06:27.500000+00:00,corso_IoT,ESP_LEOPIZZI,Lecce,Stanza,-0.334736842105263,-0.160701754385965,0.8778947368421055,0.0045614035087719,1.7521052631578948,-0.1426315789473684,65.0,0,5.228070175438597,19.70000000000002,0
2025-12-02 01:07:15+00:00,corso_IoT,ESP_LEOPIZZI,Lecce,Stanza,-0.3267857142857142,-0.1567857142857144,0.8771428571428573,0.0501785714285714,1.8175000000000003,-0.1796428571428571,64.99464285714286,0,6.160714285714286,19.683928571428584,0
2025-12-02 01:08:02.500000+00:00,corso_IoT,ESP_LEOPIZZI,Lecce,Stanza,-0.3277777777777778,-0.1555555555555556,0.8755555555555555,0.0766666666666666,1.8183333333333327,-0.1802777777777778,64.99166666666666,0,6.472222222222222,19.60833333333335,0
2025-12-02 01:08:50+00:00,corso_IoT,ESP_LEOPIZZI,Lecce,Stanza,-0.3269811320754716,-0.1583018867924529,0.877547169811321,0.0016981132075471,1.8035849056603772,-0.1526415094339622,65.07924528301884,0,4.962264150943396,19.70000000000002,0
2025-12-02 01:09:37.500000+00:00,corso_IoT,ESP_LEOPIZZI,Lecce,Stanza,-0.3259649122807017,-0.1566666666666668,0.875964912280702,0.0407017543859649,1.83,-0.1835087719298245,64.92807017543866,0,9.649122807017545,19.689473684210537,0
2025-12-02 01:10:25+00:00,corso_IoT,ESP_LEOPIZZI,Lecce,Stanza,-0.3247457627118645,-0.1566101694915255,0.8783050847457632,0.0045762711864406,1.7798305084745767,-0.168135593220339,64.9254237288136,0,9.23728813559322,19.677966101694928,0
2025-12-02 01:11:12.500000+00:00,corso_IoT,ESP_LEOPIZZI,Lecce,Stanza,-0.3254385964912281,-0.156842105263158,0.8780701754385966,0.0166666666666666,1.8007017543859651,-0.2040350877192982,64.90000000000006,0,6.157894736842105,19.6964912280702,0
2025-12-02 01:12:00+00:00,corso_IoT,ESP_LEOPIZZI,Lecce,Stanza,-0.324655172413793,-0.1579310344827587,0.8770689655172416,0.0125862068965517,1.8320689655172415,-0.1855172413793103,64.90000000000006,0,6.068965517241379,19.64310344827587,0
2025-12-02 01:12:47.500000+00:00,corso_IoT,ESP_LEOPIZZI,Lecce,Stanza,-0.3277966101694913,-0.1557627118644069,0.8764406779661021,0.1722033898305084,1.853220338983052,-0.1733898305084746,64.90508474576276,0,9.322033898305085,19.68983050847459,0
2025-12-02 01:13:35+00:00,corso_IoT,ESP_LEOPIZZI,Lecce,Stanza,-0.3281034482758619,-0.1581034482758621,0.8765517241379314,0.0586206896551724,1.789655172413793,-0.1843103448275862,64.90000000000006,0,9.051724137931034,19.63448275862069,0
2025-12-02 01:14:22.500000+00:00,corso_IoT,ESP_LEOPIZZI,Lecce,Stanza,-0.3286363636363636,-0.1575,0.8772727272727274,0.0747727272727272,1.8074999999999997,-0.1934090909090909,64.90000000000005,0,8.886363636363637,19.600000000000016,0
2025-12-02 01:15:10+00:00,corso_IoT,ESP_LEOPIZZI,Lecce,Stanza,-0.3277966101694914,-0.1589830508474577,0.876610169491526,0.0330508474576271,1.8147457627118644,-0.1847457627118643,64.90000000000006,0,7.288135593220339,19.600000000000005,0
2025-12-02 01:15:57.500000+00:00,corso_IoT,ESP_LEOPIZZI,Lecce,Stanza,-0.3289999999999997,-0.1588333333333334,0.8766666666666671,0.0428333333333333,1.8206666666666675,-0.1984999999999999,64.90000000000006,0,8.0,19.600000000000005,0
2025-12-02 01:16:45+00:00,corso_IoT,ESP_LEOPIZZI,Lecce,Stanza,-0.3277966101694913,-0.1591525423728814,0.877966101694916,0.0001694915254237,1.741016949152543,-0.2128813559322033,64.90000000000006,0,7.47457627118644,19.600000000000005,0
2025-12-02 01:17:32.500000+00:00,corso_IoT,ESP_LEOPIZZI,Lecce,Stanza,-0.3288135593220337,-0.1576271186440679,0.8769491525423732,0.0581355932203389,1.800169491525424,-0.1901694915254237,64.8796610169492,0,6.661016949152542,19.600000000000005,0
2025-12-02 01:18:20+00:00,corso_IoT,ESP_LEOPIZZI,Lecce,Stanza,-0.3284745762711862,-0.158813559322034,0.8761016949152542,0.0298305084745762,1.7805084745762711,-0.1796610169491525,64.90000000000006,0,8.711864406779661,19.600000000000005,0
2025-12-02 01:19:07.500000+00:00,corso_IoT,ESP_LEOPIZZI,Lecce,Stanza,-0.3376666666666668,-0.1625,0.8749999999999999,0.0414999999999999,1.7158333333333338,-0.1686666666666667,64.90000000000006,0,7.166666666666667,19.600000000000005,0
2025-12-02 01:19:55+00:00,corso_IoT,ESP_LEOPIZZI,Lecce,Stanza,-0.3459322033898305,-0.1699999999999999,0.8747457627118645,0.0413559322033898,1.8091525423728816,-0.1506779661016949,64.83728813559331,0,6.983050847457627,19.600000000000005,0
2025-12-02 01:20:42.500000+00:00,corso_IoT,ESP_LEOPIZZI,Lecce,Stanza,-0.3477586206896552,-0.1698275862068965,0.8736206896551721,0.0193103448275862,1.8051724137931036,-0.1665517241379311,64.84655172413804,0,5.517241379310345,19.60000000000001,0
2025-12-02 01:21:30+00:00,corso_IoT,ESP_LEOPIZZI,Lecce,Stanza,-0.3472881355932204,-0.1699999999999999,0.8733898305084744,0.0254237288135593,1.8013559322033896,-0.1635593220338982,64.80000000000007,0,8.966101694915254,19.600000000000005,0
2025-12-02 01:22:17.500000+00:00,corso_IoT,ESP_LEOPIZZI,Lecce,Stanza,-0.3476271186440678,-0.1696610169491525,0.8730508474576268,0.0205084745762711,1.828983050847457,-0.1706779661016949,64.80508474576277,0,9.33898305084746,19.600000000000005,0
2025-12-02 01:23:05+00:00,corso_IoT,ESP_LEOPIZZI,Lecce,Stanza,-0.3434285714285713,-0.1594285714285714,0.8771428571428571,0.2454285714285715,1.898857142857143,-0.2239999999999999,64.84285714285711,0,5.971428571428572,19.60000000000001,0
2025-12-02 01:23:52.500000+00:00,corso_IoT,ESP_LEOPIZZI,Lecce,Stanza,-0.3386666666666665,-0.1598333333333334,0.8776666666666672,0.0645,1.822666666666667,-0.1936666666666667,64.91000000000005,0,9.316666666666666,19.600000000000005,0
2025-12-02 01:24:40+00:00,corso_IoT,ESP_LEOPIZZI,Lecce,Stanza,-0.3377777777777777,-0.1597777777777778,0.8748888888888887,0.0086666666666666,1.7733333333333337,-0.1582222222222222,64.90000000000005,0,6.288888888888889,19.600000000000016,0
2025-12-02 01:25:27.500000+00:00,corso_IoT,ESP_LEOPIZZI,Lecce,Stanza,-0.3352083333333333,-0.1602083333333334,0.875625,0.10625,1.8608333333333336,-0.1608333333333333,64.81458333333337,0,8.333333333333334,19.637500000000006,0
2025-12-02 01:26:15+00:00,corso_IoT,ESP_LEOPIZZI,Lecce,Stanza,-0.3362711864406778,-0.1603389830508475,0.876101694915254,0.0254237288135593,1.8135593220338988,-0.2006779661016949,64.7355932203389,0,9.23728813559322,19.600000000000005,0
2025-12-02 01:27:02.500000+00:00,corso_IoT,ESP_LEOPIZZI,Lecce,Stanza,-0.3405714285714284,-0.1622857142857143,0.8745714285714288,0.2842857142857142,1.897714285714286,-0.1922857142857143,64.78857142857142,0,6.942857142857143,19.60000000000001,0
2025-12-02 01:27:50+00:00,corso_IoT,ESP_LEOPIZZI,Lecce,Stanza,-0.3466666666666665,-0.1695555555555555,0.8706666666666665,0.2206666666666667,1.9288888888888889,-0.1593333333333333,64.80000000000003,0,6.488888888888889,19.600000000000016,0
2025-12-02 01:28:37.500000+00:00,corso_IoT,ESP_LEOPIZZI,Lecce,Stanza,-0.3432727272727272,-0.174181818181818,0.8725454545454542,0.0116363636363636,1.7640000000000005,-0.1990909090909091,64.80000000000005,0,8.709090909090909,19.60000000000001,0
2025-12-02 01:29:25+00:00,corso_IoT,ESP_LEOPIZZI,Lecce,Stanza,-0.3448275862068964,-0.174655172413793,0.8724137931034481,0.0018965517241379,1.7496551724137934,-0.1732758620689654,64.79482758620694,0,5.931034482758621,19.60000000000001,0
2025-12-02 01:30:12.500000+00:00,corso_IoT,ESP_LEOPIZZI,Lecce,Stanza,-0.344,-0.1738181818181817,0.8721818181818176,0.0792727272727273,1.854363636363636,-0.1676363636363636,64.71636363636357,0,7.872727272727273,19.60000000000001,0
2025-12-02 01:31:00+00:00,corso_IoT,ESP_LEOPIZZI,Lecce,Stanza,-0.3215517241379311,-0.1543103448275861,0.8796551724137928,-0.1770689655172413,1.9198275862068963,-0.189655172413793,64.75344827586216,0,2.9655172413793105,19.60000000000001,0
2025-12-02 01:31:47.500000+00:00,corso_IoT,ESP_LEOPIZZI,Lecce,Stanza,-0.2761363636363635,-0.1134090909090909,0.8900000000000005,0.0561363636363636,1.7988636363636354,-0.3556818181818183,64.81590909090912,0,4.2727272727272725,19.600000000000016,0
2025-12-02 01:32:35+00:00,corso_IoT,ESP_LEOPIZZI,Lecce,Stanza,-0.2706896551724136,-0.1106896551724137,0.8906896551724139,0.156551724137931,1.7917241379310345,-0.296896551724138,64.79310344827583,0,2.655172413793104,19.60000000000001,0
2025-12-02 01:33:22.500000+00:00,corso_IoT,ESP_LEOPIZZI,Lecce,Stanza,-0.2694827586206894,-0.1101724137931035,0.8920689655172416,0.0805172413793103,1.8205172413793107,-0.2755172413793104,64.76379310344831,0,5.5344827586206895,19.5948275862069,0
2025-12-02 01:34:10+00:00,corso_IoT,ESP_LEOPIZZI,Lecce,Stanza,-0.2686666666666664,-0.1096666666666667,0.8928333333333335,0.0601666666666666,1.8016666666666663,-0.2985,64.75500000000005,0,9.116666666666667,19.575,0
2025-12-02 01:34:57.500000+00:00,corso_IoT,ESP_LEOPIZZI,Lecce,Stanza,-0.2677966101694912,-0.1096610169491526,0.8933898305084744,0.0650847457627118,1.78271186440678,-0.3238983050847458,64.76101694915246,0,9.23728813559322,19.600000000000005,0
2025-12-02 01:35:45+00:00,corso_IoT,ESP_LEOPIZZI,Lecce,Stanza,-0.2670491803278686,-0.1106557377049181,0.8918032786885248,0.1924590163934426,1.724262295081967,-0.2878688524590164,64.7655737704919,0,8.901639344262295,19.5344262295082,0
2025-12-02 01:36:32.500000+00:00,corso_IoT,ESP_LEOPIZZI,Lecce,Stanza,-0.2698360655737702,-0.1114754098360656,0.8911475409836067,0.0267213114754098,1.8213114754098367,-0.2826229508196721,64.85409836065581,0,8.901639344262295,19.5,0
2025-12-02 01:37:20+00:00,corso_IoT,ESP_LEOPIZZI,Lecce,Stanza,-0.269259259259259,-0.11,0.891851851851852,0.1001851851851851,1.9411111111111117,-0.2901851851851852,64.80000000000005,0,8.981481481481481,19.5,0
2025-12-02 01:38:07.500000+00:00,corso_IoT,ESP_LEOPIZZI,Lecce,Stanza,-0.2688524590163932,-0.1100000000000001,0.8916393442622953,0.0667213114754098,1.807377049180327,-0.3039344262295082,64.80000000000007,0,9.0,19.5,0
2025-12-02 01:38:55+00:00,corso_IoT,ESP_LEOPIZZI,Lecce,Stanza,-0.2685185185185182,-0.1103703703703704,0.8912962962962964,-0.0061111111111111,1.7846296296296298,-0.2861111111111111,64.80000000000005,0,9.074074074074074,19.5,0
2025-12-02 01:39:42.500000+00:00,corso_IoT,ESP_LEOPIZZI,Lecce,Stanza,-0.2688888888888887,-0.1102777777777777,0.8933333333333336,0.0541666666666666,1.791111111111111,-0.2597222222222222,64.8,0,7.722222222222222,19.5,0
2025-12-02 01:40:30+00:00,corso_IoT,ESP_LEOPIZZI,Lecce,Stanza,-0.2662499999999997,-0.1104166666666667,0.8920833333333335,0.0591666666666666,1.78875,-0.2654166666666667,64.80000000000004,0,9.541666666666666,19.5,0
2025-12-02 01:41:17.500000+00:00,corso_IoT,ESP_LEOPIZZI,Lecce,Stanza,-0.2658490566037733,-0.109811320754717,0.8924528301886795,0.0490566037735849,1.8671698113207549,-0.2775471698113207,64.80000000000005,0,9.18867924528302,19.5,0
2025-12-02 01:42:05+00:00,corso_IoT,ESP_LEOPIZZI,Lecce,Stanza,-0.2664999999999999,-0.1095,0.8915000000000003,0.0159999999999999,1.7819999999999994,-0.3105,64.79999999999998,0,8.5,19.5,0
2025-12-02 01:42:52.500000+00:00,corso_IoT,ESP_LEOPIZZI,Lecce,Stanza,-0.2072972972972972,-0.0597297297297297,0.9191891891891896,0.5667567567567569,-0.1856756756756755,-0.6516216216216218,64.8,0,7.756756756756757,19.5,100
2025-12-02 01:43:40+00:00,corso_IoT,ESP_LEOPIZZI,Lecce,Stanza,-0.1588679245283019,-0.0764150943396226,0.9249056603773588,-0.000943396226415,1.761132075471698,-0.1869811320754717,64.80566037735854,0,8.679245283018869,19.5,0
2025-12-02 01:44:27.500000+00:00,corso_IoT,ESP_LEOPIZZI,Lecce,Stanza,-0.1590909090909092,-0.0761818181818181,0.9276363636363638,0.0716363636363636,1.710545454545454,-0.2294545454545454,64.75818181818177,0,6.363636363636363,19.541818181818183,0
2025-12-02 01:45:15+00:00,corso_IoT,ESP_LEOPIZZI,Lecce,Stanza,-0.1600000000000001,-0.076938775510204,0.9283673469387754,0.0687755102040816,1.645714285714286,-0.209795918367347,64.69999999999996,0,9.040816326530612,19.600000000000016,0
2025-12-02 01:46:02.500000+00:00,corso_IoT,ESP_LEOPIZZI,Lecce,Stanza,-0.1597727272727273,-0.0752272727272727,0.9290909090909092,0.0404545454545454,1.673409090909091,-0.2438636363636363,64.64999999999996,0,8.636363636363637,19.600000000000016,0
2025-12-02 01:46:50+00:00,corso_IoT,ESP_LEOPIZZI,Lecce,Stanza,-0.1601851851851852,-0.0755555555555555,0.9298148148148146,0.0909259259259259,1.5720370370370365,-0.2355555555555555,64.59999999999994,0,7.518518518518518,19.600000000000016,0
2025-12-02 01:47:37.500000+00:00,corso_IoT,ESP_LEOPIZZI,Lecce,Stanza,-0.1602777777777778,-0.075,0.9297222222222222,0.1169444444444444,1.5749999999999995,-0.2886111111111111,64.59999999999997,0,2.0277777777777777,19.60000000000001,0
2025-12-02 01:48:25+00:00,corso_IoT,ESP_LEOPIZZI,Lecce,Stanza,-0.1602941176470589,-0.0752941176470588,0.9302941176470588,0.0523529411764705,1.5452941176470585,-0.2391176470588235,64.59999999999997,0,1.8823529411764703,19.62058823529413,0
2025-12-02 01:49:12.500000+00:00,corso_IoT,ESP_LEOPIZZI,Lecce,Stanza,-0.1600000000000001,-0.0742857142857142,0.9279591836734694,0.0944897959183673,1.5157142857142851,-0.309795918367347,64.58571428571423,0,4.673469387755102,19.64285714285716,0
2025-12-02 01:50:00+00:00,corso_IoT,ESP_LEOPIZZI,Lecce,Stanza,-0.160701754385965,-0.073859649122807,0.9284210526315791,0.0871929824561403,1.545438596491228,-0.3219298245614034,64.5315789473684,0,7.649122807017544,19.678947368421078,0
2025-12-02 01:50:47.500000+00:00,corso_IoT,ESP_LEOPIZZI,Lecce,Stanza,-0.1608,-0.0737999999999999,0.9286,0.0678,1.5335999999999996,-0.3368,64.51599999999999,0,8.36,19.69000000000002,0
2025-12-02 01:51:35+00:00,corso_IoT,ESP_LEOPIZZI,Lecce,Stanza,-0.1604918032786886,-0.0737704918032786,0.9286885245901638,0.0660655737704918,1.4654098360655736,-0.3668852459016394,64.54590163934425,0,7.950819672131147,19.700000000000024,0
2025-12-02 01:52:22.500000+00:00,corso_IoT,ESP_LEOPIZZI,Lecce,Stanza,-0.1611764705882353,-0.0727450980392156,0.9268627450980396,0.0774509803921568,1.4537254901960786,-0.3429411764705883,64.55686274509799,0,9.03921568627451,19.700000000000017,0
2025-12-02 01:53:10+00:00,corso_IoT,ESP_LEOPIZZI,Lecce,Stanza,-0.1621153846153847,-0.073076923076923,0.9275,0.045,1.5188461538461535,-0.3326923076923077,64.51346153846154,0,9.153846153846152,19.70000000000002,0
2025-12-02 01:53:57.500000+00:00,corso_IoT,ESP_LEOPIZZI,Lecce,Stanza,-0.2023636363636365,-0.1801818181818182,0.9047272727272728,0.9307272727272724,2.768,-0.4614545454545454,64.50545454545454,0,6.727272727272728,19.70000000000002,100
2025-12-02 01:54:45+00:00,corso_IoT,ESP_LEOPIZZI,Lecce,Stanza,-0.2176470588235293,-0.3202941176470589,0.8576470588235292,0.0605882352941176,1.4008823529411767,-0.4538235294117648,64.47647058823532,0,8.970588235294118,19.688235294117653,0
2025-12-02 01:55:32.500000+00:00,corso_IoT,ESP_LEOPIZZI,Lecce,Stanza,-0.2144117647058823,-0.3202941176470589,0.8564705882352941,0.1273529411764705,1.4332352941176472,-0.4255882352941176,64.42352941176475,0,3.735294117647059,19.63235294117648,0
2025-12-02 01:56:20+00:00,corso_IoT,ESP_LEOPIZZI,Lecce,Stanza,-0.2134545454545456,-0.319818181818182,0.8543636363636365,0.1034545454545454,1.5663636363636362,-0.4103636363636363,64.4327272727273,0,7.272727272727272,19.60000000000001,0
2025-12-02 01:57:07.500000+00:00,corso_IoT,ESP_LEOPIZZI,Lecce,Stanza,-0.2129032258064519,-0.3200000000000002,0.8535483870967746,0.094032258064516,1.5285483870967749,-0.4298387096774193,64.5,0,9.241935483870968,19.6,0
2025-12-02 01:57:55+00:00,corso_IoT,ESP_LEOPIZZI,Lecce,Stanza,-0.2112962962962965,-0.3200000000000002,0.8514814814814822,0.117037037037037,1.5809259259259258,-0.4122222222222223,64.46851851851855,0,8.981481481481481,19.600000000000016,0
2025-12-02 01:58:42.500000+00:00,corso_IoT,ESP_LEOPIZZI,Lecce,Stanza,-0.2116666666666669,-0.3198333333333335,0.8523333333333339,0.1109999999999999,1.5816666666666668,-0.4228333333333333,64.40500000000006,0,8.766666666666667,19.595,0
2025-12-02 01:59:30+00:00,corso_IoT,ESP_LEOPIZZI,Lecce,Stanza,-0.2108333333333336,-0.3200000000000002,0.851333333333334,0.0814999999999999,1.5964999999999996,-0.3879999999999999,64.42833333333337,0,6.466666666666667,19.591666666666672,0
2025-12-02 02:00:17.500000+00:00,corso_IoT,ESP_LEOPIZZI,Lecce,Stanza,-0.2100000000000002,-0.3200000000000002,0.8523728813559328,0.085593220338983,1.601186440677966,-0.4183050847457626,64.406779661017,0,8.745762711864407,19.593220338983052,0
2025-12-02 02:01:05+00:00,corso_IoT,ESP_LEOPIZZI,Lecce,Stanza,-0.2100000000000002,-0.3198333333333334,0.8501666666666675,0.039,1.6244999999999998,-0.3926666666666666,64.41500000000005,0,9.483333333333333,19.585,0
2025-12-02 02:01:52.500000+00:00,corso_IoT,ESP_LEOPIZZI,Lecce,Stanza,-0.2102040816326532,-0.319591836734694,0.8502040816326537,0.0524489795918367,1.6010204081632649,-0.3693877551020407,64.42857142857146,0,9.122448979591836,19.57142857142858,0
2025-12-02 02:02:40+00:00,corso_IoT,ESP_LEOPIZZI,Lecce,Stanza,-0.2100000000000002,-0.3198214285714287,0.8489285714285723,0.0480357142857142,1.6719642857142856,-0.4183928571428572,64.48928571428571,0,5.964285714285714,19.510714285714283,0
2025-12-02 02:03:27.500000+00:00,corso_IoT,ESP_LEOPIZZI,Lecce,Stanza,-0.209137931034483,-0.316896551724138,0.8506896551724145,-0.0346551724137931,1.8144827586206895,-0.3972413793103447,64.5,0,5.689655172413793,19.5,0
2025-12-02 02:04:15+00:00,corso_IoT,ESP_LEOPIZZI,Lecce,Stanza,-0.4192307692307694,-0.1553846153846154,0.915769230769231,2.109615384615385,1.5903846153846155,-1.4969230769230777,64.65769230769232,0,5.461538461538462,19.53076923076924,100
2025-12-02 02:05:02.500000+00:00,corso_IoT,ESP_LEOPIZZI,Lecce,Stanza,-0.3870454545454547,-0.0386363636363636,0.914090909090909,0.0204545454545454,1.6922727272727272,-0.3772727272727272,64.58863636363633,0,5.227272727272728,19.600000000000016,0
2025-12-02 02:05:50+00:00,corso_IoT,ESP_LEOPIZZI,Lecce,Stanza,-0.3878947368421055,-0.0392982456140351,0.914736842105263,0.0791228070175438,1.6880701754385965,-0.4175438596491229,64.53684210526315,0,7.0,19.59473684210528,0
2025-12-02 02:06:37.500000+00:00,corso_IoT,ESP_LEOPIZZI,Lecce,Stanza,-0.3884482758620692,-0.0382758620689655,0.9148275862068967,0.0894827586206896,1.7227586206896548,-0.45,64.44827586206901,0,4.086206896551724,19.60000000000001,0
2025-12-02 02:07:25+00:00,corso_IoT,ESP_LEOPIZZI,Lecce,Stanza,-0.3883333333333336,-0.039074074074074,0.915555555555556,0.0199999999999999,1.7355555555555555,-0.3961111111111111,64.40000000000006,0,5.5,19.600000000000016,0
2025-12-02 02:08:12.500000+00:00,corso_IoT,ESP_LEOPIZZI,Lecce,Stanza,-0.3878333333333336,-0.0383333333333333,0.9144999999999996,0.0646666666666666,1.675166666666666,-0.3968333333333333,64.40000000000006,0,8.8,19.600000000000005,0
2025-12-02 02:09:00+00:00,corso_IoT,ESP_LEOPIZZI,Lecce,Stanza,-0.3875438596491231,-0.0384210526315789,0.9143859649122804,0.0505263157894736,1.7391228070175446,-0.4043859649122806,64.33508771929833,0,5.631578947368421,19.60000000000001,0
2025-12-02 02:09:47.500000+00:00,corso_IoT,ESP_LEOPIZZI,Lecce,Stanza,-0.3879591836734696,-0.0377551020408163,0.9146938775510202,0.0544897959183673,1.7044897959183676,-0.3857142857142857,64.30000000000004,0,7.775510204081633,19.600000000000016,0
2025-12-02 02:10:35+00:00,corso_IoT,ESP_LEOPIZZI,Lecce,Stanza,-0.3881132075471701,-0.0371698113207547,0.9152830188679248,0.0641509433962264,1.69245283018868,-0.3920754716981132,64.3094339622642,0,9.20754716981132,19.59056603773586,0
2025-12-02 02:11:22.500000+00:00,corso_IoT,ESP_LEOPIZZI,Lecce,Stanza,-0.3879591836734696,-0.0369387755102041,0.913877551020408,0.0659183673469387,1.7263265306122442,-0.4124489795918367,64.3510204081633,0,9.20408163265306,19.54897959183674,0
2025-12-02 02:12:10+00:00,corso_IoT,ESP_LEOPIZZI,Lecce,Stanza,-0.387818181818182,-0.0383636363636363,0.913636363636363,0.0574545454545454,1.7421818181818185,-0.3881818181818181,64.38363636363643,0,7.272727272727272,19.51636363636364,0
2025-12-02 02:12:57.500000+00:00,corso_IoT,ESP_LEOPIZZI,Lecce,Stanza,-0.3884745762711867,-0.0364406779661017,0.9138983050847456,0.0167796610169491,1.7383050847457633,-0.3922033898305084,64.40000000000006,0,5.864406779661017,19.5,0
2025-12-02 02:13:45+00:00,corso_IoT,ESP_LEOPIZZI,Lecce,Stanza,-0.3883636363636365,-0.0363636363636363,0.9134545454545452,0.0318181818181818,1.7152727272727273,-0.3878181818181818,64.40000000000006,0,9.2,19.5,0
2025-12-02 02:14:32.500000+00:00,corso_IoT,ESP_LEOPIZZI,Lecce,Stanza,-0.3871186440677969,-0.035593220338983,0.9142372881355928,0.0662711864406779,1.7525423728813558,-0.3911864406779662,64.40000000000006,0,9.0,19.5,0
2025-12-02 02:15:20+00:00,corso_IoT,ESP_LEOPIZZI,Lecce,Stanza,-0.3872881355932205,-0.0371186440677966,0.9152542372881356,0.0233898305084745,1.7467796610169493,-0.3923728813559321,64.40000000000006,0,9.677966101694915,19.5,0
2025-12-02 02:16:07.500000+00:00,corso_IoT,ESP_LEOPIZZI,Lecce,Stanza,-0.3864406779661019,-0.0377966101694915,0.9127118644067792,0.0223728813559321,1.785762711864407,-0.4152542372881356,64.40000000000006,0,7.745762711864407,19.5,0
2025-12-02 02:16:55+00:00,corso_IoT,ESP_LEOPIZZI,Lecce,Stanza,-0.3865000000000002,-0.0371666666666666,0.9138333333333332,0.0696666666666666,1.7623333333333333,-0.3986666666666665,64.40000000000006,0,5.166666666666667,19.5,0
2025-12-02 02:17:42.500000+00:00,corso_IoT,ESP_LEOPIZZI,Lecce,Stanza,-0.3868518518518521,-0.0372222222222222,0.9138888888888884,0.0453703703703703,1.775,-0.3909259259259259,64.3944444444445,0,4.574074074074074,19.5,0
2025-12-02 02:18:30+00:00,corso_IoT,ESP_LEOPIZZI,Lecce,Stanza,-0.387049180327869,-0.0363934426229508,0.9129508196721304,0.0590163934426229,1.7806557377049184,-0.3896721311475409,64.40000000000006,0,9.42622950819672,19.5,0
2025-12-02 02:19:17.500000+00:00,corso_IoT,ESP_LEOPIZZI,Lecce,Stanza,-0.3861666666666669,-0.0366666666666666,0.913166666666666,0.0376666666666666,1.8051666666666677,-0.3865,64.39500000000005,0,9.166666666666666,19.5,0
2025-12-02 02:20:05+00:00,corso_IoT,ESP_LEOPIZZI,Lecce,Stanza,-0.3871186440677968,-0.0369491525423729,0.914237288135593,0.061864406779661,1.7852542372881353,-0.3972881355932202,64.39491525423735,0,9.59322033898305,19.5,0
2025-12-02 02:20:52.500000+00:00,corso_IoT,ESP_LEOPIZZI,Lecce,Stanza,-0.3872131147540986,-0.0367213114754098,0.9144262295081964,0.0634426229508196,1.7762295081967214,-0.3893442622950819,64.3622950819673,0,9.344262295081966,19.5,0
2025-12-02 02:21:40+00:00,corso_IoT,ESP_LEOPIZZI,Lecce,Stanza,-0.3874074074074076,-0.0368518518518518,0.9127777777777772,0.0483333333333333,1.7933333333333337,-0.3612962962962964,64.39259259259266,0,8.61111111111111,19.5,0
2025-12-02 02:22:27.500000+00:00,corso_IoT,ESP_LEOPIZZI,Lecce,Stanza,-0.3870689655172415,-0.0370689655172414,0.9132758620689652,0.0627586206896551,1.7736206896551727,-0.4079310344827586,64.36379310344836,0,8.5,19.5,0
2025-12-02 02:23:15+00:00,corso_IoT,ESP_LEOPIZZI,Lecce,Stanza,-0.3867796610169494,-0.0361016949152542,0.913728813559322,0.0296610169491525,1.8089830508474585,-0.4,64.26271186440673,0,8.847457627118644,19.5,0
2025-12-02 02:24:02.500000+00:00,corso_IoT,ESP_LEOPIZZI,Lecce,Stanza,-0.3858490566037738,-0.0356603773584905,0.9158490566037736,0.0179245283018867,1.7784905660377357,-0.3639622641509434,64.26603773584914,0,9.056603773584904,19.5,0
2025-12-02 02:24:50+00:00,corso_IoT,ESP_LEOPIZZI,Lecce,Stanza,-0.3863333333333335,-0.0373333333333333,0.9128333333333328,0.0484999999999999,1.8071666666666677,-0.3950000000000001,64.30500000000008,0,8.866666666666667,19.5,0
2025-12-02 02:25:37.500000+00:00,corso_IoT,ESP_LEOPIZZI,Lecce,Stanza,-0.3863333333333335,-0.0365,0.912166666666666,0.0646666666666666,1.7965000000000009,-0.3688333333333332,64.30000000000007,0,9.55,19.5,0
2025-12-02 02:26:25+00:00,corso_IoT,ESP_LEOPIZZI,Lecce,Stanza,-0.3866101694915256,-0.0366101694915254,0.9132203389830508,0.0705084745762712,1.7659322033898304,-0.3806779661016949,64.20508474576265,0,9.271186440677964,19.5,0
2025-12-02 02:27:12.500000+00:00,corso_IoT,ESP_LEOPIZZI,Lecce,Stanza,-0.3860465116279071,-0.0369767441860465,0.9132558139534884,0.0509302325581395,1.7913953488372094,-0.3972093023255814,64.24418604651156,0,8.837209302325581,19.5,0
2025-12-02 02:28:00+00:00,corso_IoT,ESP_LEOPIZZI,Lecce,Stanza,-0.3859459459459462,-0.0359459459459459,0.9116216216216216,0.0156756756756756,1.7613513513513517,-0.4005405405405404,64.2,0,8.675675675675675,19.5,0
2025-12-02 02:28:47.500000+00:00,corso_IoT,ESP_LEOPIZZI,Lecce,Stanza,-0.385925925925926,-0.0351851851851852,0.9135185185185182,0.0572222222222222,1.784444444444445,-0.3962962962962964,64.19999999999995,0,9.01851851851852,19.5,0
2025-12-02 02:29:35+00:00,corso_IoT,ESP_LEOPIZZI,Lecce,Stanza,-0.3864285714285715,-0.0353571428571428,0.9157142857142864,-0.0099999999999999,1.8328571428571423,-0.3810714285714285,64.20000000000003,0,8.714285714285714,19.5,0
2025-12-02 02:30:22.500000+00:00,corso_IoT,ESP_LEOPIZZI,Lecce,Stanza,-0.3870689655172417,-0.0360344827586207,0.9137931034482754,0.0589655172413793,1.7868965517241375,-0.3800000000000001,64.19999999999993,0,8.758620689655173,19.5,0
2025-12-02 02:31:10+00:00,corso_IoT,ESP_LEOPIZZI,Lecce,Stanza,-0.3864406779661018,-0.0359322033898305,0.912711864406779,0.0179661016949152,1.793559322033899,-0.365593220338983,64.19999999999993,0,9.101694915254235,19.5,0
2025-12-02 02:31:57.500000+00:00,corso_IoT,ESP_LEOPIZZI,Lecce,Stanza,-0.3863157894736844,-0.0350877192982456,0.9136842105263157,0.0650877192982456,1.7610526315789476,-0.3654385964912279,64.19999999999993,0,8.894736842105264,19.49473684210526,0
2025-12-02 02:32:45+00:00,corso_IoT,ESP_LEOPIZZI,Lecce,Stanza,-0.3860000000000001,-0.036,0.9138333333333328,0.0344999999999999,1.765333333333334,-0.3638333333333333,64.19999999999993,0,7.683333333333334,19.495,0
2025-12-02 02:33:32.500000+00:00,corso_IoT,ESP_LEOPIZZI,Lecce,Stanza,-0.3870000000000002,-0.036,0.9129999999999996,0.0285,1.8056666666666668,-0.3636666666666666,64.19999999999993,0,8.783333333333333,19.495,0
2025-12-02 02:34:20+00:00,corso_IoT,ESP_LEOPIZZI,Lecce,Stanza,-0.3854237288135594,-0.035593220338983,0.9140677966101692,0.0418644067796609,1.803898305084746,-0.3979661016949153,64.19999999999993,0,9.186440677966102,19.47288135593221,0
2025-12-02 02:35:07.500000+00:00,corso_IoT,ESP_LEOPIZZI,Lecce,Stanza,-0.3862962962962964,-0.0372222222222222,0.9131481481481476,0.0138888888888889,1.7903703703703708,-0.3672222222222221,64.19999999999995,0,8.88888888888889,19.399999999999984,0
2025-12-02 02:35:55+00:00,corso_IoT,ESP_LEOPIZZI,Lecce,Stanza,-0.3850943396226415,-0.0356603773584905,0.9137735849056604,0.0533962264150943,1.8466037735849063,-0.3618867924528302,64.19999999999995,0,5.754716981132075,19.399999999999984,0
2025-12-02 02:36:42.500000+00:00,corso_IoT,ESP_LEOPIZZI,Lecce,Stanza,-0.3866101694915256,-0.0366101694915254,0.9132203389830504,0.0049152542372881,1.8006779661016956,-0.3861016949152543,64.19999999999993,0,4.576271186440678,19.399999999999995,0
2025-12-02 02:37:30+00:00,corso_IoT,ESP_LEOPIZZI,Lecce,Stanza,-0.3864406779661019,-0.0366101694915254,0.9138983050847456,0.0384745762711864,1.813728813559322,-0.3754237288135592,64.19999999999993,0,8.084745762711865,19.399999999999995,0
2025-12-02 02:38:17.500000+00:00,corso_IoT,ESP_LEOPIZZI,Lecce,Stanza,-0.3861016949152543,-0.0371186440677966,0.9128813559322028,0.0516949152542372,1.806440677966102,-0.3983050847457627,64.19999999999993,0,9.254237288135592,19.399999999999995,0
2025-12-02 02:39:05+00:00,corso_IoT,ESP_LEOPIZZI,Lecce,Stanza,-0.3855000000000002,-0.036,0.9124999999999992,0.0731666666666666,1.8040000000000005,-0.3593333333333334,64.19999999999993,0,5.783333333333333,19.399999999999995,0
2025-12-02 02:39:52.500000+00:00,corso_IoT,ESP_LEOPIZZI,Lecce,Stanza,-0.3853333333333334,-0.0353333333333333,0.9129999999999991,0.0611666666666666,1.8063333333333345,-0.3888333333333334,64.19999999999993,0,8.716666666666667,19.399999999999995,0
2025-12-02 02:40:40+00:00,corso_IoT,ESP_LEOPIZZI,Lecce,Stanza,-0.3855172413793106,-0.0346551724137931,0.914310344827586,0.0234482758620689,1.8146551724137927,-0.3855172413793103,64.19999999999993,0,9.362068965517242,19.39999999999999,0
2025-12-02 02:41:27.500000+00:00,corso_IoT,ESP_LEOPIZZI,Lecce,Stanza,-0.3849152542372883,-0.0366101694915254,0.913559322033898,0.0296610169491525,1.8022033898305088,-0.3647457627118643,64.19999999999993,0,9.28813559322034,19.399999999999995,0
2025-12-02 02:42:15+00:00,corso_IoT,ESP_LEOPIZZI,Lecce,Stanza,-0.3850000000000002,-0.0352777777777778,0.9130555555555556,0.0366666666666666,1.845277777777778,-0.3963888888888889,64.2,0,9.333333333333334,19.399999999999988,0
2025-12-02 02:43:02.500000+00:00,corso_IoT,ESP_LEOPIZZI,Lecce,Stanza,-0.3862222222222224,-0.0353333333333333,0.914666666666667,0.0508888888888888,1.8435555555555565,-0.3717777777777777,64.19999999999997,0,8.533333333333333,19.399999999999984,0
2025-12-02 02:43:50+00:00,corso_IoT,ESP_LEOPIZZI,Lecce,Stanza,-0.3854098360655739,-0.0357377049180328,0.9131147540983596,0.0345901639344262,1.7872131147540986,-0.3842622950819673,64.19999999999993,0,6.524590163934426,19.4,0
2025-12-02 02:44:37.500000+00:00,corso_IoT,ESP_LEOPIZZI,Lecce,Stanza,-0.3858490566037738,-0.0356603773584905,0.9139622641509432,0.0337735849056603,1.8058490566037744,-0.3705660377358491,64.19999999999995,0,5.245283018867925,19.399999999999984,0
2025-12-02 02:45:25+00:00,corso_IoT,ESP_LEOPIZZI,Lecce,Stanza,-0.3865000000000002,-0.0343333333333333,0.9134999999999996,0.0531666666666666,1.8135000000000008,-0.3871666666666667,64.19999999999993,0,8.65,19.399999999999995,0
2025-12-02 02:46:12.500000+00:00,corso_IoT,ESP_LEOPIZZI,Lecce,Stanza,-0.386065573770492,-0.0352459016393442,0.912786885245901,0.0540983606557377,1.8209836065573768,-0.3752459016393442,64.19999999999993,0,9.18032786885246,19.4,0
2025-12-02 02:47:00+00:00,corso_IoT,ESP_LEOPIZZI,Lecce,Stanza,-0.3857627118644069,-0.0349152542372881,0.9135593220338976,0.0572881355932203,1.805254237288136,-0.3440677966101694,64.19999999999993,0,5.254237288135593,19.399999999999995,0
2025-12-02 02:47:47.500000+00:00,corso_IoT,ESP_LEOPIZZI,Lecce,Stanza,-0.3867924528301889,-0.0347169811320755,0.9132075471698108,0.0488679245283018,1.7543396226415091,-0.3988679245283018,64.19999999999995,0,6.79245283018868,19.399999999999984,0
2025-12-02 02:48:35+00:00,corso_IoT,ESP_LEOPIZZI,Lecce,Stanza,-0.3846666666666667,-0.0343333333333333,0.9141666666666666,0.001,1.8206666666666675,-0.3711666666666667,64.19999999999993,0,8.9,19.399999999999995,0
2025-12-02 02:49:22.500000+00:00,corso_IoT,ESP_LEOPIZZI,Lecce,Stanza,-0.3854237288135594,-0.0357627118644068,0.9138983050847456,0.0327118644067796,1.8111864406779663,-0.3732203389830508,64.19999999999993,0,4.830508474576271,19.399999999999995,0
2025-12-02 02:50:10+00:00,corso_IoT,ESP_LEOPIZZI,Lecce,Stanza,-0.3846666666666667,-0.036,0.9143333333333332,0.0605,1.7905000000000004,-0.3916666666666666,64.19999999999993,0,4.2,19.399999999999995,0
2025-12-02 02:50:57.500000+00:00,corso_IoT,ESP_LEOPIZZI,Lecce,Stanza,-0.3849152542372883,-0.0347457627118644,0.9132203389830504,0.0498305084745762,1.8220338983050848,-0.334406779661017,64.19999999999993,0,8.983050847457626,19.399999999999995,0
2025-12-02 02:51:45+00:00,corso_IoT,ESP_LEOPIZZI,Lecce,Stanza,-0.3862295081967216,-0.0345901639344262,0.9140983606557376,0.0527868852459016,1.8100000000000005,-0.3606557377049181,64.19999999999993,0,9.163934426229508,19.4,0
2025-12-02 02:52:32.500000+00:00,corso_IoT,ESP_LEOPIZZI,Lecce,Stanza,-0.3846296296296299,-0.0361111111111111,0.9135185185185182,0.0333333333333333,1.7742592592592592,-0.3857407407407407,64.19999999999995,0,8.981481481481481,19.399999999999984,0
2025-12-02 02:53:20+00:00,corso_IoT,ESP_LEOPIZZI,Lecce,Stanza,-0.3853191489361704,-0.0370212765957447,0.9144680851063832,-0.0027659574468085,1.7923404255319153,-0.4225531914893617,64.19999999999996,0,9.170212765957446,19.399999999999984,0
2025-12-02 02:54:07.500000+00:00,corso_IoT,ESP_LEOPIZZI,Lecce,Stanza,-0.3847169811320757,-0.0347169811320754,0.9143396226415094,0.0643396226415094,1.7984905660377355,-0.3775471698113206,64.19999999999995,0,8.716981132075471,19.399999999999984,0
2025-12-02 02:54:55+00:00,corso_IoT,ESP_LEOPIZZI,Lecce,Stanza,-0.3015517241379306,-0.2881034482758622,0.8553448275862071,0.3189655172413793,2.8884482758620686,-0.2956896551724137,64.42241379310343,0,6.5,19.39999999999999,100
2025-12-02 02:55:42.500000+00:00,corso_IoT,ESP_LEOPIZZI,Lecce,Stanza,-0.2899999999999996,-0.3850877192982458,0.8335087719298243,0.0578947368421052,1.779824561403509,-0.3277192982456141,64.39122807017552,0,9.192982456140353,19.39999999999999,0
2025-12-02 02:56:30+00:00,corso_IoT,ESP_LEOPIZZI,Lecce,Stanza,-0.2899999999999996,-0.3840425531914896,0.83531914893617,0.0661702127659574,1.8170212765957447,-0.3417021276595744,64.2170212765957,0,3.3191489361702127,19.399999999999984,0
2025-12-02 02:57:17.500000+00:00,corso_IoT,ESP_LEOPIZZI,Lecce,Stanza,-0.2898076923076919,-0.3863461538461541,0.8330769230769228,0.0492307692307692,1.817692307692308,-0.319423076923077,64.19999999999995,0,5.576923076923077,19.399999999999984,0
2025-12-02 02:58:05+00:00,corso_IoT,ESP_LEOPIZZI,Lecce,Stanza,-0.2899999999999996,-0.3858620689655174,0.8343103448275863,0.0446551724137931,1.8260344827586208,-0.3624137931034482,64.19999999999993,0,8.948275862068966,19.39999999999999,0
2025-12-02 02:58:52.500000+00:00,corso_IoT,ESP_LEOPIZZI,Lecce,Stanza,-0.2894915254237283,-0.3869491525423731,0.8337288135593218,0.0596610169491525,1.7803389830508478,-0.3559322033898305,64.21694915254234,0,8.610169491525424,19.399999999999995,0
2025-12-02 02:59:40+00:00,corso_IoT,ESP_LEOPIZZI,Lecce,Stanza,-0.2899999999999995,-0.3856666666666669,0.835166666666667,0.0755,1.8176666666666668,-0.3295000000000001,64.20333333333326,0,6.65,19.399999999999995,0
2025-12-02 03:00:27.500000+00:00,corso_IoT,ESP_LEOPIZZI,Lecce,Stanza,-0.2901666666666662,-0.3861666666666669,0.834333333333333,0.045,1.8576666666666668,-0.3478333333333333,64.19999999999993,0,8.866666666666667,19.399999999999995,0
2025-12-02 03:01:15+00:00,corso_IoT,ESP_LEOPIZZI,Lecce,Stanza,-0.2898148148148144,-0.3864814814814817,0.8357407407407408,0.0575925925925925,1.8177777777777775,-0.3537037037037037,64.19999999999995,0,9.444444444444445,19.399999999999984,0
2025-12-02 03:02:02.500000+00:00,corso_IoT,ESP_LEOPIZZI,Lecce,Stanza,-0.2902325581395346,-0.3862790697674421,0.8341860465116273,0.0430232558139535,1.8295348837209309,-0.3325581395348838,64.21627906976748,0,9.116279069767442,19.399999999999984,0
2025-12-02 03:02:50+00:00,corso_IoT,ESP_LEOPIZZI,Lecce,Stanza,-0.2899999999999998,-0.3880645161290324,0.8341935483870964,0.0467741935483871,1.8135483870967737,-0.3277419354838709,64.35483870967745,0,8.548387096774194,19.399999999999988,0
2025-12-02 03:03:37.500000+00:00,corso_IoT,ESP_LEOPIZZI,Lecce,Stanza,-0.2897916666666663,-0.3870833333333336,0.8349999999999999,0.0672916666666666,1.7672916666666667,-0.3487499999999999,64.33333333333339,0,3.1041666666666665,19.399999999999984,0
2025-12-02 03:04:25+00:00,corso_IoT,ESP_LEOPIZZI,Lecce,Stanza,-0.2899999999999995,-0.3868852459016395,0.8337704918032784,0.0750819672131147,1.8240983606557373,-0.361967213114754,64.28524590163936,0,6.655737704918033,19.4,0
2025-12-02 03:05:12.500000+00:00,corso_IoT,ESP_LEOPIZZI,Lecce,Stanza,-0.2899999999999997,-0.3864864864864867,0.835405405405405,0.0451351351351351,1.777567567567567,-0.3829729729729729,64.22162162162167,0,3.2432432432432434,19.399999999999988,0
2025-12-02 03:06:00+00:00,corso_IoT,ESP_LEOPIZZI,Lecce,Stanza,-0.2899999999999997,-0.3864285714285717,0.8359523809523809,0.1316666666666667,1.762857142857143,-0.3388095238095238,64.22380952380949,0,4.738095238095238,19.399999999999984,0
2025-12-02 03:06:47.500000+00:00,corso_IoT,ESP_LEOPIZZI,Lecce,Stanza,-0.2898113207547165,-0.3871698113207549,0.8350943396226415,0.0492452830188679,1.808301886792453,-0.3532075471698113,64.19999999999995,0,4.547169811320755,19.399999999999984,0
2025-12-02 03:07:35+00:00,corso_IoT,ESP_LEOPIZZI,Lecce,Stanza,-0.2281818181818181,-0.2570454545454547,0.8536363636363634,0.1740909090909091,2.021818181818182,-1.0359090909090911,64.34772727272734,0,8.613636363636363,19.399999999999984,100
2025-12-02 03:08:22.500000+00:00,corso_IoT,ESP_LEOPIZZI,Lecce,Stanza,-0.2498333333333333,-0.2160000000000002,0.8583333333333331,0.0353333333333333,1.7975000000000003,-0.3243333333333335,64.36833333333342,0,9.283333333333331,19.399999999999995,0
2025-12-02 03:09:10+00:00,corso_IoT,ESP_LEOPIZZI,Lecce,Stanza,-0.2468518518518519,-0.2131481481481483,0.8585185185185182,0.04,1.7807407407407412,-0.3188888888888889,64.30000000000005,0,9.37037037037037,19.399999999999984,0
2025-12-02 03:09:57.500000+00:00,corso_IoT,ESP_LEOPIZZI,Lecce,Stanza,-0.2411111111111112,-0.2103703703703705,0.8598148148148146,0.0787037037037037,1.7612962962962972,-0.3157407407407407,64.21111111111105,0,5.407407407407407,19.399999999999984,0
2025-12-02 03:10:45+00:00,corso_IoT,ESP_LEOPIZZI,Lecce,Stanza,-0.2405084745762713,-0.2100000000000002,0.8596610169491523,0.0523728813559322,1.7993220338983054,-0.3420338983050846,64.1796610169491,0,7.966101694915254,19.399999999999995,0
2025-12-02 03:11:32.500000+00:00,corso_IoT,ESP_LEOPIZZI,Lecce,Stanza,-0.2402272727272729,-0.2097727272727273,0.8599999999999995,0.0368181818181818,1.7443181818181812,-0.3138636363636363,64.19999999999997,0,8.954545454545455,19.399999999999984,0
2025-12-02 03:12:20+00:00,corso_IoT,ESP_LEOPIZZI,Lecce,Stanza,-0.238793103448276,-0.2084482758620691,0.8603448275862063,0.0560344827586207,1.7498275862068964,-0.3544827586206896,64.19999999999993,0,6.0344827586206895,19.39999999999999,0
2025-12-02 03:13:07.500000+00:00,corso_IoT,ESP_LEOPIZZI,Lecce,Stanza,-0.2392727272727274,-0.2081818181818183,0.8609090909090905,0.0827272727272727,1.7874545454545463,-0.3389090909090909,64.21454545454544,0,9.072727272727272,19.390909090909076,0
2025-12-02 03:13:55+00:00,corso_IoT,ESP_LEOPIZZI,Lecce,Stanza,-0.1759183673469387,-0.2334693877551021,0.8718367346938773,0.0065306122448979,1.6938775510204085,-0.2944897959183673,64.30000000000004,0,5.428571428571429,19.39183673469386,0
2025-12-02 03:14:42.500000+00:00,corso_IoT,ESP_LEOPIZZI,Lecce,Stanza,-0.0405084745762711,-0.2367796610169493,0.8944067796610169,-0.0249152542372881,1.706779661016949,-0.2755932203389831,64.27288135593217,0,8.64406779661017,19.399999999999995,0
2025-12-02 03:15:30+00:00,corso_IoT,ESP_LEOPIZZI,Lecce,Stanza,-0.0494545454545454,-0.2392727272727274,0.8941818181818182,0.0458181818181817,1.7365454545454548,-0.3407272727272727,64.22181818181811,0,7.0,19.399999999999988,0
2025-12-02 03:16:17.500000+00:00,corso_IoT,ESP_LEOPIZZI,Lecce,Stanza,-0.0496428571428571,-0.2394642857142858,0.8925000000000001,0.0075,1.7726785714285715,-0.316607142857143,64.19999999999995,0,9.017857142857142,19.399999999999988,0
2025-12-02 03:17:05+00:00,corso_IoT,ESP_LEOPIZZI,Lecce,Stanza,-0.0498076923076922,-0.239423076923077,0.8921153846153848,0.0613461538461538,1.7790384615384616,-0.3542307692307692,64.19999999999995,0,9.865384615384617,19.399999999999984,0
2025-12-02 03:17:52.500000+00:00,corso_IoT,ESP_LEOPIZZI,Lecce,Stanza,-0.0492,-0.2384000000000001,0.894,0.0391999999999999,1.7084000000000006,-0.3796,64.18400000000001,0,8.4,19.39999999999999,0
2025-12-02 03:18:40+00:00,corso_IoT,ESP_LEOPIZZI,Lecce,Stanza,-0.0499999999999999,-0.2396296296296298,0.8924074074074076,0.0261111111111111,1.7307407407407407,-0.3546296296296294,64.09999999999994,0,9.12962962962963,19.399999999999984,0
2025-12-02 03:19:27.500000+00:00,corso_IoT,ESP_LEOPIZZI,Lecce,Stanza,-0.0499999999999999,-0.2402083333333335,0.8916666666666669,0.0189583333333333,1.762083333333334,-0.3433333333333332,64.09999999999995,0,8.895833333333334,19.399999999999984,0
2025-12-02 03:20:15+00:00,corso_IoT,ESP_LEOPIZZI,Lecce,Stanza,-0.0498181818181817,-0.2403636363636365,0.8923636363636365,0.0309090909090909,1.7969090909090906,-0.3309090909090909,64.09999999999994,0,9.545454545454543,19.399999999999988,0
2025-12-02 03:21:02.500000+00:00,corso_IoT,ESP_LEOPIZZI,Lecce,Stanza,-0.05125,-0.2435714285714286,0.8921428571428572,-0.0024999999999999,1.7328571428571429,-0.3644642857142859,64.09999999999994,0,7.214285714285714,19.399999999999988,0
2025-12-02 03:21:50+00:00,corso_IoT,ESP_LEOPIZZI,Lecce,Stanza,-0.3505454545454545,-0.3805454545454545,0.8445454545454554,0.2661818181818182,0.8936363636363635,0.1558181818181818,64.31818181818187,0,5.545454545454546,19.399999999999988,100
2025-12-02 03:22:37.500000+00:00,corso_IoT,ESP_LEOPIZZI,Lecce,Stanza,-0.4096666666666668,-0.399833333333333,0.8463333333333343,0.0008333333333333,1.5891666666666664,-0.1706666666666666,64.40000000000006,0,8.383333333333333,19.399999999999995,0
2025-12-02 03:23:25+00:00,corso_IoT,ESP_LEOPIZZI,Lecce,Stanza,-0.4127868852459019,-0.4001639344262291,0.8477049180327879,-0.0034426229508196,1.5988524590163933,-0.2040983606557377,64.40000000000006,0,9.19672131147541,19.4,0
2025-12-02 03:24:12.500000+00:00,corso_IoT,ESP_LEOPIZZI,Lecce,Stanza,-0.4177777777777782,-0.4020370370370369,0.8485185185185192,0.0318518518518518,1.587407407407407,-0.2062962962962963,64.37777777777785,0,9.555555555555555,19.399999999999984,0
2025-12-02 03:25:00+00:00,corso_IoT,ESP_LEOPIZZI,Lecce,Stanza,-0.4183333333333334,-0.4025,0.8508333333333331,0.0016666666666666,1.7,-0.1991666666666667,64.32499999999999,0,8.75,19.4,0
