_time,_measurement,host,location,room,humidity,is_moving,light,mic,temperature
2025-08-30T19:47:50Z,corso_IoT,ESP_LEOPIZZI,Lecce,Stanza,76.56238532110089,30.275229357798164,0.9914678899082556,21.96330275229358,26.84403669724771
2025-08-30T19:50:00Z,corso_IoT,ESP_LEOPIZZI,Lecce,Stanza,74.20769230769234,4.395604395604396,3.0592307692307683,18.263736263736263,27.309890109890112
2025-08-30T19:52:10Z,corso_IoT,ESP_LEOPIZZI,Lecce,Stanza,71.7669811320754,0.0,4.043207547169815,15.169811320754716,27.49999999999997
2025-08-30T19:54:20Z,corso_IoT,ESP_LEOPIZZI,Lecce,Stanza,70.51025641025633,0.0,4.047948717948719,15.957264957264956,27.757264957265026
2025-08-30T19:56:30Z,corso_IoT,ESP_LEOPIZZI,Lecce,Stanza,69.56923076923084,0.0,0.2884615384615384,16.523076923076925,27.95307692307693
2025-08-30T19:58:40Z,corso_IoT,ESP_LEOPIZZI,Lecce,Stanza,68.78318584070813,0.0,0.0,15.84070796460177,28.07522123893799
2025-08-30T20:00:50Z,corso_IoT,ESP_LEOPIZZI,Lecce,Stanza,68.49008264462803,0.0,0.0,15.652892561983473,28.197520661157
2025-08-30T20:03:00Z,corso_IoT,ESP_LEOPIZZI,Lecce,Stanza,67.9702898550725,0.0,0.0,15.55072463768116,28.321739130434832
2025-08-30T20:05:10Z,corso_IoT,ESP_LEOPIZZI,Lecce,Stanza,67.59923076923087,0.0,0.0,15.8,28.40000000000006
2025-08-30T20:07:20Z,corso_IoT,ESP_LEOPIZZI,Lecce,Stanza,67.69999999999993,0.0,0.0,15.507692307692308,28.40000000000006
2025-08-30T20:09:30Z,corso_IoT,ESP_LEOPIZZI,Lecce,Stanza,67.78478260869578,0.0,0.0,15.869565217391305,28.400000000000063
2025-08-30T20:11:40Z,corso_IoT,ESP_LEOPIZZI,Lecce,Stanza,67.4333333333332,0.0,0.0,15.62878787878788,28.473484848484848
2025-08-30T20:13:50Z,corso_IoT,ESP_LEOPIZZI,Lecce,Stanza,67.3267716535434,0.0,0.0,15.464566929133856,28.5
2025-08-30T20:16:00Z,corso_IoT,ESP_LEOPIZZI,Lecce,Stanza,66.99712230215805,0.0,0.0,15.50359712230216,28.53453237410069
2025-08-30T20:18:10Z,corso_IoT,ESP_LEOPIZZI,Lecce,Stanza,66.82558139534896,0.0,0.0,15.51937984496124,28.598449612403044
2025-08-30T20:20:20Z,corso_IoT,ESP_LEOPIZZI,Lecce,Stanza,66.7352000000001,0.0,0.0,15.448,28.59999999999994
2025-08-30T20:22:30Z,corso_IoT,ESP_LEOPIZZI,Lecce,Stanza,66.60000000000018,0.0,0.0,17.13888888888889,28.60347222222216
2025-08-30T20:24:40Z,corso_IoT,ESP_LEOPIZZI,Lecce,Stanza,66.82213740457999,0.0,0.0,16.64885496183206,28.59999999999994
2025-08-30T20:26:50Z,corso_IoT,ESP_LEOPIZZI,Lecce,Stanza,66.80000000000003,0.0,0.0,16.574468085106382,28.599999999999937
2025-08-30T20:29:00Z,corso_IoT,ESP_LEOPIZZI,Lecce,Stanza,66.89253731343267,0.0,0.0,16.62686567164179,28.59999999999994
2025-08-30T20:31:10Z,corso_IoT,ESP_LEOPIZZI,Lecce,Stanza,66.70078125000008,0.0,0.0,16.46875,28.59999999999994
2025-08-30T20:33:20Z,corso_IoT,ESP_LEOPIZZI,Lecce,Stanza,66.04817518248173,0.0,0.0,15.62043795620438,28.599999999999937
2025-08-30T20:35:30Z,corso_IoT,ESP_LEOPIZZI,Lecce,Stanza,64.961971830986,0.0,0.0,15.514084507042254,28.599999999999937
2025-08-30T20:37:40Z,corso_IoT,ESP_LEOPIZZI,Lecce,Stanza,61.635294117647,0.0,0.0,15.992647058823527,28.491176470588258
2025-08-30T20:39:50Z,corso_IoT,ESP_LEOPIZZI,Lecce,Stanza,61.06666666666664,0.0,0.0,16.21969696969697,28.460606060606068
2025-08-30T20:42:00Z,corso_IoT,ESP_LEOPIZZI,Lecce,Stanza,60.99854014598542,0.0,0.0,15.591240875912408,28.5
2025-08-30T20:44:10Z,corso_IoT,ESP_LEOPIZZI,Lecce,Stanza,61.3758865248228,0.0,0.0,18.19858156028369,28.5
2025-08-30T20:46:20Z,corso_IoT,ESP_LEOPIZZI,Lecce,Stanza,61.18740157480322,0.0,0.0,16.007874015748033,28.5
2025-08-30T20:48:30Z,corso_IoT,ESP_LEOPIZZI,Lecce,Stanza,61.12276422764228,0.0,0.0,15.845528455284551,28.52764227642274
2025-08-30T20:50:40Z,corso_IoT,ESP_LEOPIZZI,Lecce,Stanza,61.06111111111107,0.0,0.0,15.62962962962963,28.5074074074074
2025-08-30T20:52:50Z,corso_IoT,ESP_LEOPIZZI,Lecce,Stanza,60.89439252336439,0.0,0.0,15.532710280373832,28.577570093457897
2025-08-30T20:55:00Z,corso_IoT,ESP_LEOPIZZI,Lecce,Stanza,60.93888888888885,0.0,0.0,15.255555555555556,28.555555555555525
2025-08-30T20:57:10Z,corso_IoT,ESP_LEOPIZZI,Lecce,Stanza,60.899999999999885,0.0,0.0,15.387931034482758,28.5051724137931
2025-08-30T20:59:20Z,corso_IoT,ESP_LEOPIZZI,Lecce,Stanza,60.80178571428583,0.0,0.0,15.866071428571429,28.5
2025-08-30T21:01:30Z,corso_IoT,ESP_LEOPIZZI,Lecce,Stanza,60.66752136752148,0.0,0.0,15.290598290598291,28.5
2025-08-30T21:03:40Z,corso_IoT,ESP_LEOPIZZI,Lecce,Stanza,60.461165048543634,0.0,0.0,15.58252427184466,28.5
2025-08-30T21:05:50Z,corso_IoT,ESP_LEOPIZZI,Lecce,Stanza,60.391596638655386,0.0,0.0,16.168067226890756,28.5
2025-08-30T21:08:00Z,corso_IoT,ESP_LEOPIZZI,Lecce,Stanza,60.30000000000011,0.0,0.0,15.524271844660197,28.50485436893204
2025-08-30T21:10:10Z,corso_IoT,ESP_LEOPIZZI,Lecce,Stanza,60.22086956521739,0.0,0.0,15.8,28.510434782608687
2025-08-30T21:12:20Z,corso_IoT,ESP_LEOPIZZI,Lecce,Stanza,60.10000000000003,0.0,0.0,16.045454545454547,28.599999999999955
2025-08-30T21:14:30Z,corso_IoT,ESP_LEOPIZZI,Lecce,Stanza,59.957812499999854,0.0,0.0,15.5703125,28.59999999999994
2025-08-30T21:16:40Z,corso_IoT,ESP_LEOPIZZI,Lecce,Stanza,59.86635514018691,0.0,0.0,15.682242990654206,28.59626168224294
2025-08-30T21:18:50Z,corso_IoT,ESP_LEOPIZZI,Lecce,Stanza,59.70232558139526,0.0,0.0,15.430232558139537,28.5453488372093
2025-08-30T21:21:00Z,corso_IoT,ESP_LEOPIZZI,Lecce,Stanza,59.77017543859647,0.0,0.0,15.675438596491228,28.52105263157893
2025-08-30T21:23:10Z,corso_IoT,ESP_LEOPIZZI,Lecce,Stanza,59.71238938053089,0.0,0.0,16.061946902654867,28.53982300884952
2025-08-30T21:25:20Z,corso_IoT,ESP_LEOPIZZI,Lecce,Stanza,59.69999999999988,0.0,0.0,15.772357723577237,28.59999999999994
2025-08-30T21:27:30Z,corso_IoT,ESP_LEOPIZZI,Lecce,Stanza,59.68611111111098,0.0,0.0,16.416666666666668,28.592592592592545
2025-08-30T21:29:40Z,corso_IoT,ESP_LEOPIZZI,Lecce,Stanza,59.72647058823528,0.0,0.0,15.803921568627452,28.564705882352914
2025-08-30T21:31:50Z,corso_IoT,ESP_LEOPIZZI,Lecce,Stanza,59.70378787878776,0.0,0.0,15.590909090909092,28.59999999999994
2025-08-30T21:34:00Z,corso_IoT,ESP_LEOPIZZI,Lecce,Stanza,59.69999999999988,0.0,0.0,16.172727272727272,28.599999999999945
2025-08-30T21:36:10Z,corso_IoT,ESP_LEOPIZZI,Lecce,Stanza,59.84537037037027,0.0,0.0,15.555555555555555,28.599999999999948
2025-08-30T21:38:20Z,corso_IoT,ESP_LEOPIZZI,Lecce,Stanza,59.91221374045792,0.0,0.0,15.916030534351146,28.59999999999994
2025-08-30T21:40:30Z,corso_IoT,ESP_LEOPIZZI,Lecce,Stanza,59.90892857142847,0.0,0.0,15.464285714285714,28.599999999999945
2025-08-30T21:42:40Z,corso_IoT,ESP_LEOPIZZI,Lecce,Stanza,59.77461538461539,0.0,0.0,15.53076923076923,28.626923076922992
2025-08-30T21:44:50Z,corso_IoT,ESP_LEOPIZZI,Lecce,Stanza,58.67999999999987,0.0,0.0,15.42142857142857,28.64642857142853
2025-08-30T21:47:00Z,corso_IoT,ESP_LEOPIZZI,Lecce,Stanza,58.23703703703709,0.0,0.0,16.288888888888888,28.602222222222164
2025-08-30T21:49:10Z,corso_IoT,ESP_LEOPIZZI,Lecce,Stanza,57.81986301369867,0.0,0.0,15.650684931506849,28.601369863013645
2025-08-30T21:51:20Z,corso_IoT,ESP_LEOPIZZI,Lecce,Stanza,57.74850746268661,0.0,0.0,15.723880597014926,28.59999999999994
2025-08-30T21:53:30Z,corso_IoT,ESP_LEOPIZZI,Lecce,Stanza,57.77333333333335,0.0,0.0,15.651851851851852,28.648148148148056
2025-08-30T21:55:40Z,corso_IoT,ESP_LEOPIZZI,Lecce,Stanza,57.70888888888876,0.0,0.0,15.525925925925923,28.69999999999993
2025-08-30T21:57:50Z,corso_IoT,ESP_LEOPIZZI,Lecce,Stanza,57.80847457627115,0.0,0.0,16.54237288135593,28.69999999999995
2025-08-30T22:00:00Z,corso_IoT,ESP_LEOPIZZI,Lecce,Stanza,57.82682926829278,0.0,0.0,15.182926829268292,28.700000000000006
2025-08-30T22:02:10Z,corso_IoT,ESP_LEOPIZZI,Lecce,Stanza,57.92985074626866,0.0,0.0,15.761194029850746,28.694029850746197
2025-08-30T22:04:20Z,corso_IoT,ESP_LEOPIZZI,Lecce,Stanza,57.921969696969605,0.0,0.0,15.325757575757576,28.69848484848478
2025-08-30T22:06:30Z,corso_IoT,ESP_LEOPIZZI,Lecce,Stanza,57.9052631578948,0.0,0.0,16.294736842105262,28.69999999999998
2025-08-30T22:08:40Z,corso_IoT,ESP_LEOPIZZI,Lecce,Stanza,58.0,0.0,0.0,15.766917293233083,28.697744360902192
2025-08-30T22:10:50Z,corso_IoT,ESP_LEOPIZZI,Lecce,Stanza,58.0,0.0,0.0,15.524193548387096,28.699999999999942
2025-08-30T22:13:00Z,corso_IoT,ESP_LEOPIZZI,Lecce,Stanza,58.07500000000001,0.0,0.0,17.5,28.699999999999967
2025-08-30T22:15:10Z,corso_IoT,ESP_LEOPIZZI,Lecce,Stanza,58.28235294117656,5.147058823529412,0.0,18.058823529411764,28.69852941176473
2025-08-30T22:17:20Z,corso_IoT,ESP_LEOPIZZI,Lecce,Stanza,58.1909090909091,0.0,0.0,15.818181818181818,28.74090909090913
2025-08-30T22:19:30Z,corso_IoT,ESP_LEOPIZZI,Lecce,Stanza,58.09354838709688,0.0,0.0,15.21774193548387,28.800000000000058
2025-08-30T22:21:40Z,corso_IoT,ESP_LEOPIZZI,Lecce,Stanza,58.00606060606062,4.545454545454546,0.0,17.78030303030303,28.800000000000065
2025-08-30T22:23:50Z,corso_IoT,ESP_LEOPIZZI,Lecce,Stanza,58.099090909091,29.09090909090909,0.0,17.272727272727273,28.80000000000004
2025-08-30T22:26:00Z,corso_IoT,ESP_LEOPIZZI,Lecce,Stanza,57.95972222222227,0.0,0.0,17.11111111111111,28.81111111111109
2025-08-30T22:28:10Z,corso_IoT,ESP_LEOPIZZI,Lecce,Stanza,57.54615384615371,0.0,0.0,15.905982905982906,28.844444444444505
2025-08-30T22:30:20Z,corso_IoT,ESP_LEOPIZZI,Lecce,Stanza,57.51206896551712,0.0,0.0,15.155172413793103,28.800000000000047
2025-08-30T22:32:30Z,corso_IoT,ESP_LEOPIZZI,Lecce,Stanza,57.21279999999988,0.0,0.0,15.824,28.80640000000006
2025-08-30T22:34:40Z,corso_IoT,ESP_LEOPIZZI,Lecce,Stanza,57.21562499999994,0.0,0.0,16.0546875,28.773437499999964
2025-08-30T22:36:50Z,corso_IoT,ESP_LEOPIZZI,Lecce,Stanza,57.15373134328367,0.0,0.0,15.71641791044776,28.715671641790973
2025-08-30T22:39:00Z,corso_IoT,ESP_LEOPIZZI,Lecce,Stanza,56.95999999999985,0.0,0.0,15.504,28.699999999999942
2025-08-30T22:41:10Z,corso_IoT,ESP_LEOPIZZI,Lecce,Stanza,56.85413533834592,0.0,0.0,15.766917293233083,28.64586466165405
2025-08-30T22:43:20Z,corso_IoT,ESP_LEOPIZZI,Lecce,Stanza,56.65734265734277,0.0,0.0,15.573426573426572,28.611188811188747
2025-08-30T22:45:30Z,corso_IoT,ESP_LEOPIZZI,Lecce,Stanza,56.57816901408457,0.0,0.0,15.654929577464788,28.61408450704218
2025-08-30T22:47:40Z,corso_IoT,ESP_LEOPIZZI,Lecce,Stanza,56.33676470588232,0.0,0.0,15.448529411764708,28.638235294117607
2025-08-30T22:49:50Z,corso_IoT,ESP_LEOPIZZI,Lecce,Stanza,56.04135338345856,0.0,0.0,15.789473684210526,28.5977443609022
2025-08-30T22:52:00Z,corso_IoT,ESP_LEOPIZZI,Lecce,Stanza,55.68551724137929,0.0,0.0,15.358620689655172,28.58413793103443
2025-08-30T22:54:10Z,corso_IoT,ESP_LEOPIZZI,Lecce,Stanza,55.47816901408443,0.0,0.0,15.80281690140845,28.599999999999937
2025-08-30T22:56:20Z,corso_IoT,ESP_LEOPIZZI,Lecce,Stanza,55.389062499999966,0.0,0.0,15.3046875,28.59999999999994
2025-08-30T22:58:30Z,corso_IoT,ESP_LEOPIZZI,Lecce,Stanza,55.24852941176477,0.0,0.0,15.588235294117649,28.599999999999937
2025-08-30T23:00:40Z,corso_IoT,ESP_LEOPIZZI,Lecce,Stanza,54.47826086956516,0.0,0.0,15.514492753623188,28.595652173912985
2025-08-30T23:02:50Z,corso_IoT,ESP_LEOPIZZI,Lecce,Stanza,53.39117647058818,0.0,0.0,15.617647058823527,28.54338235294116
2025-08-30T23:05:00Z,corso_IoT,ESP_LEOPIZZI,Lecce,Stanza,52.865873015873056,0.0,0.0,15.246031746031743,28.50238095238095
2025-08-30T23:07:10Z,corso_IoT,ESP_LEOPIZZI,Lecce,Stanza,52.68749999999999,0.0,0.0,15.9,28.50375
2025-08-30T23:09:20Z,corso_IoT,ESP_LEOPIZZI,Lecce,Stanza,53.04059405940593,0.0,0.0,15.316831683168315,28.53267326732671
2025-08-30T23:11:30Z,corso_IoT,ESP_LEOPIZZI,Lecce,Stanza,53.3779816513762,0.0,0.0,15.587155963302752,28.516513761467877
2025-08-30T23:13:40Z,corso_IoT,ESP_LEOPIZZI,Lecce,Stanza,53.42371134020616,0.0,0.0,16.278350515463917,28.537113402061856
2025-08-30T23:15:50Z,corso_IoT,ESP_LEOPIZZI,Lecce,Stanza,53.43400000000001,0.0,0.0,15.66,28.5
2025-08-30T23:18:00Z,corso_IoT,ESP_LEOPIZZI,Lecce,Stanza,53.40735294117635,0.0,0.0,15.647058823529411,28.5
2025-08-30T23:20:10Z,corso_IoT,ESP_LEOPIZZI,Lecce,Stanza,53.34626865671639,0.0,0.0,15.514925373134329,28.5
2025-08-30T23:22:20Z,corso_IoT,ESP_LEOPIZZI,Lecce,Stanza,53.19915966386546,0.0,0.0,15.546218487394958,28.5
2025-08-30T23:24:30Z,corso_IoT,ESP_LEOPIZZI,Lecce,Stanza,53.19999999999989,0.0,0.0,15.82882882882883,28.5
2025-08-30T23:26:40Z,corso_IoT,ESP_LEOPIZZI,Lecce,Stanza,53.171578947368296,0.0,0.0,15.147368421052631,28.5
2025-08-30T23:28:50Z,corso_IoT,ESP_LEOPIZZI,Lecce,Stanza,53.10982142857148,0.0,0.0,15.401785714285714,28.5
2025-08-30T23:31:00Z,corso_IoT,ESP_LEOPIZZI,Lecce,Stanza,53.13814432989681,0.0,0.0,15.783505154639176,28.461855670103127
2025-08-30T23:33:10Z,corso_IoT,ESP_LEOPIZZI,Lecce,Stanza,53.087499999999984,0.0,0.0,15.485294117647058,28.46617647058824
2025-08-30T23:35:20Z,corso_IoT,ESP_LEOPIZZI,Lecce,Stanza,52.9984,0.0,0.0,15.656,28.5
2025-08-30T23:37:30Z,corso_IoT,ESP_LEOPIZZI,Lecce,Stanza,52.95703124999986,0.0,0.0,15.59375,28.5
2025-08-30T23:39:40Z,corso_IoT,ESP_LEOPIZZI,Lecce,Stanza,52.870786516854,0.0,0.0,15.247191011235955,28.5
2025-08-30T23:41:50Z,corso_IoT,ESP_LEOPIZZI,Lecce,Stanza,52.72156862745095,0.0,0.0,15.382352941176473,28.5
2025-08-30T23:44:00Z,corso_IoT,ESP_LEOPIZZI,Lecce,Stanza,52.57948717948717,0.0,0.0,15.538461538461538,28.5
2025-08-30T23:46:10Z,corso_IoT,ESP_LEOPIZZI,Lecce,Stanza,52.49827586206885,0.0,0.0,15.422413793103448,28.5
2025-08-30T23:48:20Z,corso_IoT,ESP_LEOPIZZI,Lecce,Stanza,52.38823529411774,0.0,0.0,15.245098039215684,28.5
2025-08-30T23:50:30Z,corso_IoT,ESP_LEOPIZZI,Lecce,Stanza,52.19646017699111,0.0,0.0,15.734513274336283,28.5
2025-08-30T23:52:40Z,corso_IoT,ESP_LEOPIZZI,Lecce,Stanza,52.03801652892561,0.0,0.0,15.363636363636363,28.5
2025-08-30T23:54:50Z,corso_IoT,ESP_LEOPIZZI,Lecce,Stanza,51.90186915887859,0.0,0.0,15.373831775700934,28.5
2025-08-30T23:57:00Z,corso_IoT,ESP_LEOPIZZI,Lecce,Stanza,51.63709677419366,0.0,0.0,15.733870967741936,28.5
2025-08-30T23:59:10Z,corso_IoT,ESP_LEOPIZZI,Lecce,Stanza,51.39069767441859,0.0,0.0,15.224806201550388,28.49767441860465
2025-08-31T00:01:20Z,corso_IoT,ESP_LEOPIZZI,Lecce,Stanza,51.076027397260354,0.0,0.0,15.506849315068491,28.44178082191786
2025-08-31T00:03:30Z,corso_IoT,ESP_LEOPIZZI,Lecce,Stanza,50.86515151515152,0.0,0.0,15.37878787878788,28.456060606060618
2025-08-31T00:05:40Z,corso_IoT,ESP_LEOPIZZI,Lecce,Stanza,50.45360824742277,0.0,0.0,15.484536082474229,28.4979381443299
2025-08-31T00:07:50Z,corso_IoT,ESP_LEOPIZZI,Lecce,Stanza,50.25877862595418,2.2900763358778624,0.0,16.213740458015266,28.495419847328247
2025-08-31T00:10:00Z,corso_IoT,ESP_LEOPIZZI,Lecce,Stanza,50.1069444444444,0.0,0.0,15.319444444444445,28.47083333333336
2025-08-31T00:12:10Z,corso_IoT,ESP_LEOPIZZI,Lecce,Stanza,50.085185185185246,0.0,0.0,15.303703703703704,28.40148148148154
2025-08-31T00:14:20Z,corso_IoT,ESP_LEOPIZZI,Lecce,Stanza,49.99907407407402,0.0,0.0,15.203703703703704,28.40000000000005
2025-08-31T00:16:30Z,corso_IoT,ESP_LEOPIZZI,Lecce,Stanza,49.87272727272729,0.0,0.0,15.62878787878788,28.40000000000006
2025-08-31T00:18:40Z,corso_IoT,ESP_LEOPIZZI,Lecce,Stanza,49.72611940298516,2.611940298507463,0.0,15.28358208955224,28.40000000000006
2025-08-31T00:20:50Z,corso_IoT,ESP_LEOPIZZI,Lecce,Stanza,49.45747126436783,1.7241379310344829,0.0,15.436781609195402,28.400000000000045
2025-08-31T00:23:00Z,corso_IoT,ESP_LEOPIZZI,Lecce,Stanza,49.30869565217402,0.0,0.0,15.630434782608695,28.400000000000063
2025-08-31T00:25:10Z,corso_IoT,ESP_LEOPIZZI,Lecce,Stanza,49.25238095238103,0.0,0.0,15.41904761904762,28.39904761904767
2025-08-31T00:27:20Z,corso_IoT,ESP_LEOPIZZI,Lecce,Stanza,49.1575221238938,0.0,0.0,15.15929203539823,28.372566371681454
2025-08-31T00:29:30Z,corso_IoT,ESP_LEOPIZZI,Lecce,Stanza,48.94782608695643,0.0,0.0,15.42753623188406,28.36594202898559
2025-08-31T00:31:40Z,corso_IoT,ESP_LEOPIZZI,Lecce,Stanza,48.77682926829269,0.0,0.0,15.195121951219512,28.389024390243936
2025-08-31T00:33:50Z,corso_IoT,ESP_LEOPIZZI,Lecce,Stanza,48.67666666666667,0.0,0.0,15.54,28.383333333333397
2025-08-31T00:36:00Z,corso_IoT,ESP_LEOPIZZI,Lecce,Stanza,48.6709677419354,0.0,0.0,15.236559139784946,28.315053763440872
2025-08-31T00:38:10Z,corso_IoT,ESP_LEOPIZZI,Lecce,Stanza,48.54571428571433,0.0,0.0,15.785714285714286,28.329285714285792
2025-08-31T00:40:20Z,corso_IoT,ESP_LEOPIZZI,Lecce,Stanza,48.37368421052643,0.0,0.0,15.298245614035087,28.35701754385968
2025-08-31T00:42:30Z,corso_IoT,ESP_LEOPIZZI,Lecce,Stanza,48.30000000000011,0.0,0.0,15.904761904761903,28.34523809523818
2025-08-31T00:44:40Z,corso_IoT,ESP_LEOPIZZI,Lecce,Stanza,48.24785714285717,0.0,0.0,15.607142857142858,28.30000000000007
2025-08-31T00:46:50Z,corso_IoT,ESP_LEOPIZZI,Lecce,Stanza,48.11063829787231,0.0,0.0,15.48936170212766,28.30000000000002
2025-08-31T00:49:00Z,corso_IoT,ESP_LEOPIZZI,Lecce,Stanza,48.03749999999999,0.0,0.0,15.73611111111111,28.307638888888967
2025-08-31T00:51:10Z,corso_IoT,ESP_LEOPIZZI,Lecce,Stanza,47.97920792079208,0.0,0.0,15.405940594059404,28.30000000000003
2025-08-31T00:53:20Z,corso_IoT,ESP_LEOPIZZI,Lecce,Stanza,48.02916666666669,0.0,0.0,15.86111111111111,28.300000000000075
2025-08-31T00:55:30Z,corso_IoT,ESP_LEOPIZZI,Lecce,Stanza,47.93653846153845,0.0,0.0,15.423076923076923,28.300000000000036
2025-08-31T00:57:40Z,corso_IoT,ESP_LEOPIZZI,Lecce,Stanza,47.73333333333322,0.0,0.0,15.509803921568627,28.30000000000003
2025-08-31T00:59:50Z,corso_IoT,ESP_LEOPIZZI,Lecce,Stanza,47.65793103448288,0.0,0.0,15.393103448275864,28.300000000000075
2025-08-31T01:02:00Z,corso_IoT,ESP_LEOPIZZI,Lecce,Stanza,47.53461538461538,0.0,0.0,15.423076923076923,28.299999999999983
2025-08-31T01:04:10Z,corso_IoT,ESP_LEOPIZZI,Lecce,Stanza,47.2545454545454,0.0,0.0,15.678321678321678,28.300000000000075
2025-08-31T01:06:20Z,corso_IoT,ESP_LEOPIZZI,Lecce,Stanza,47.21304347826084,0.0,0.0,15.51086956521739,28.30000000000001
2025-08-31T01:08:30Z,corso_IoT,ESP_LEOPIZZI,Lecce,Stanza,47.1333333333333,0.0,0.0,15.569444444444445,28.300000000000075
2025-08-31T01:10:40Z,corso_IoT,ESP_LEOPIZZI,Lecce,Stanza,46.91910112359556,0.0,0.0,15.089887640449438,28.300000000000008
2025-08-31T01:12:50Z,corso_IoT,ESP_LEOPIZZI,Lecce,Stanza,46.780434782608666,0.0,0.0,15.55072463768116,28.29927536231891
2025-08-31T01:15:00Z,corso_IoT,ESP_LEOPIZZI,Lecce,Stanza,46.76714285714293,0.0,0.0,15.407142857142857,28.27785714285723
2025-08-31T01:17:10Z,corso_IoT,ESP_LEOPIZZI,Lecce,Stanza,46.51461538461527,0.0,0.0,15.376923076923076,28.300000000000065
2025-08-31T01:19:20Z,corso_IoT,ESP_LEOPIZZI,Lecce,Stanza,46.34400000000012,0.0,0.0,15.91,28.300000000000026
2025-08-31T01:21:30Z,corso_IoT,ESP_LEOPIZZI,Lecce,Stanza,46.2317073170731,0.0,0.0,15.626016260162602,28.28943089430899
2025-08-31T01:23:40Z,corso_IoT,ESP_LEOPIZZI,Lecce,Stanza,46.13437499999991,0.0,0.0,15.921875,28.29687500000006
2025-08-31T01:25:50Z,corso_IoT,ESP_LEOPIZZI,Lecce,Stanza,45.86067415730342,0.0,0.0,15.44943820224719,28.300000000000008
2025-08-31T01:28:00Z,corso_IoT,ESP_LEOPIZZI,Lecce,Stanza,45.79929078014192,0.0,0.0,15.645390070921986,28.30000000000007
2025-08-31T01:30:10Z,corso_IoT,ESP_LEOPIZZI,Lecce,Stanza,45.59354838709673,0.0,0.0,15.483870967741936,28.30000000000001
2025-08-31T01:32:20Z,corso_IoT,ESP_LEOPIZZI,Lecce,Stanza,45.548175182481856,0.0,0.0,15.408759124087592,28.300000000000068
2025-08-31T01:34:30Z,corso_IoT,ESP_LEOPIZZI,Lecce,Stanza,45.65474452554755,0.0,0.0,15.518248175182482,28.264963503649724
2025-08-31T01:36:40Z,corso_IoT,ESP_LEOPIZZI,Lecce,Stanza,45.73725490196086,0.0,0.0,15.431372549019608,28.24509803921564
2025-08-31T01:38:50Z,corso_IoT,ESP_LEOPIZZI,Lecce,Stanza,45.70555555555545,0.0,0.0,15.416666666666666,28.199999999999925
2025-08-31T01:41:00Z,corso_IoT,ESP_LEOPIZZI,Lecce,Stanza,45.709459459459445,0.0,0.0,15.094594594594597,28.20405405405408
2025-08-31T01:43:10Z,corso_IoT,ESP_LEOPIZZI,Lecce,Stanza,45.68115942028994,0.0,0.0,15.507246376811594,28.221014492753625
2025-08-31T01:45:20Z,corso_IoT,ESP_LEOPIZZI,Lecce,Stanza,45.51268656716416,0.0,0.0,15.3955223880597,28.2388059701492
2025-08-31T01:47:30Z,corso_IoT,ESP_LEOPIZZI,Lecce,Stanza,45.61910112359541,0.0,0.0,15.235955056179776,28.199999999999992
2025-08-31T01:49:40Z,corso_IoT,ESP_LEOPIZZI,Lecce,Stanza,45.68642857142848,0.0,0.0,15.364285714285714,28.19999999999993
2025-08-31T01:51:50Z,corso_IoT,ESP_LEOPIZZI,Lecce,Stanza,45.6793478260869,0.0,0.0,15.521739130434783,28.199999999999985
2025-08-31T01:54:00Z,corso_IoT,ESP_LEOPIZZI,Lecce,Stanza,45.62867132867136,0.0,0.0,15.62937062937063,28.199999999999925
2025-08-31T01:56:10Z,corso_IoT,ESP_LEOPIZZI,Lecce,Stanza,45.626277372262805,0.0,0.0,15.430656934306567,28.19999999999993
2025-08-31T01:58:20Z,corso_IoT,ESP_LEOPIZZI,Lecce,Stanza,45.6962616822429,0.0,0.0,15.448598130841122,28.14299065420554
2025-08-31T02:00:30Z,corso_IoT,ESP_LEOPIZZI,Lecce,Stanza,45.72910447761203,0.0,0.0,15.567164179104475,28.17014925373127
2025-08-31T02:02:40Z,corso_IoT,ESP_LEOPIZZI,Lecce,Stanza,45.5621951219512,0.0,0.0,15.548780487804878,28.196341463414637
2025-08-31T02:04:50Z,corso_IoT,ESP_LEOPIZZI,Lecce,Stanza,45.59726027397269,0.0,0.0,15.308219178082192,28.190410958904035
2025-08-31T02:07:00Z,corso_IoT,ESP_LEOPIZZI,Lecce,Stanza,45.5607843137255,0.0,0.0,15.754901960784316,28.191176470588207
2025-08-31T02:09:10Z,corso_IoT,ESP_LEOPIZZI,Lecce,Stanza,45.67523809523803,0.0,0.0,15.2,28.14095238095231
2025-08-31T02:11:20Z,corso_IoT,ESP_LEOPIZZI,Lecce,Stanza,45.68098591549283,0.0,0.0,15.690140845070422,28.158450704225302
2025-08-31T02:13:30Z,corso_IoT,ESP_LEOPIZZI,Lecce,Stanza,45.63398058252419,0.0,0.0,15.368932038834952,28.152427184466003
2025-08-31T02:15:40Z,corso_IoT,ESP_LEOPIZZI,Lecce,Stanza,45.547142857142845,0.0,0.0,15.35,28.147142857142757
2025-08-31T02:17:50Z,corso_IoT,ESP_LEOPIZZI,Lecce,Stanza,45.43764705882355,0.0,0.0,15.152941176470588,28.18588235294119
2025-08-31T02:20:00Z,corso_IoT,ESP_LEOPIZZI,Lecce,Stanza,45.57753623188407,0.0,0.0,15.405797101449275,28.10362318840573
2025-08-31T02:22:10Z,corso_IoT,ESP_LEOPIZZI,Lecce,Stanza,45.50681818181819,0.0,0.0,15.170454545454543,28.132954545454503
2025-08-31T02:24:20Z,corso_IoT,ESP_LEOPIZZI,Lecce,Stanza,45.48484848484848,0.0,0.0,15.886363636363637,28.11742424242417
2025-08-31T02:26:30Z,corso_IoT,ESP_LEOPIZZI,Lecce,Stanza,45.55234375000001,0.0,0.0,15.609375,28.09999999999994
2025-08-31T02:28:40Z,corso_IoT,ESP_LEOPIZZI,Lecce,Stanza,45.46725663716808,0.0,0.0,15.469026548672566,28.177876106194645
2025-08-31T02:30:50Z,corso_IoT,ESP_LEOPIZZI,Lecce,Stanza,45.399999999999984,0.0,0.0,15.28181818181818,28.19999999999996
2025-08-31T02:33:00Z,corso_IoT,ESP_LEOPIZZI,Lecce,Stanza,45.40168067226886,0.0,0.0,15.352941176470589,28.12689075630245
2025-08-31T02:35:10Z,corso_IoT,ESP_LEOPIZZI,Lecce,Stanza,45.39999999999993,0.0,0.0,15.19083969465649,28.125954198473234
2025-08-31T02:37:20Z,corso_IoT,ESP_LEOPIZZI,Lecce,Stanza,45.39569892473124,0.0,0.0,15.655913978494624,28.09999999999995
2025-08-31T02:39:30Z,corso_IoT,ESP_LEOPIZZI,Lecce,Stanza,45.38082191780816,0.0,0.0,15.726027397260276,28.09999999999994
2025-08-31T02:41:40Z,corso_IoT,ESP_LEOPIZZI,Lecce,Stanza,45.401960784313744,0.0,0.0,15.568627450980392,28.097058823529363
2025-08-31T02:43:50Z,corso_IoT,ESP_LEOPIZZI,Lecce,Stanza,45.39999999999988,0.0,0.0,15.448717948717947,28.09999999999997
2025-08-31T02:46:00Z,corso_IoT,ESP_LEOPIZZI,Lecce,Stanza,45.394623655914046,0.0,0.0,15.505376344086022,28.09999999999995
2025-08-31T02:48:10Z,corso_IoT,ESP_LEOPIZZI,Lecce,Stanza,45.289928057554015,0.0,0.0,15.50359712230216,28.099999999999937
2025-08-31T02:50:20Z,corso_IoT,ESP_LEOPIZZI,Lecce,Stanza,45.3000000000001,0.0,0.0,15.5390625,28.092968749999947
2025-08-31T02:52:30Z,corso_IoT,ESP_LEOPIZZI,Lecce,Stanza,45.22499999999999,0.0,0.0,15.648148148148149,28.099999999999948
2025-08-31T02:54:40Z,corso_IoT,ESP_LEOPIZZI,Lecce,Stanza,45.29927536231894,0.0,0.0,15.666666666666666,28.098550724637622
2025-08-31T02:56:50Z,corso_IoT,ESP_LEOPIZZI,Lecce,Stanza,45.34875000000006,0.0,0.0,15.2375,28.045
2025-08-31T02:59:00Z,corso_IoT,ESP_LEOPIZZI,Lecce,Stanza,45.31736111111116,0.3472222222222222,0.0,15.416666666666666,28.090972222222163
2025-08-31T03:01:10Z,corso_IoT,ESP_LEOPIZZI,Lecce,Stanza,45.35488721804512,0.0,0.0,15.781954887218046,28.05939849624058
2025-08-31T03:03:20Z,corso_IoT,ESP_LEOPIZZI,Lecce,Stanza,45.30000000000008,0.0,0.0,15.66304347826087,28.074999999999957
2025-08-31T03:05:30Z,corso_IoT,ESP_LEOPIZZI,Lecce,Stanza,45.14962962962972,0.0,0.0,15.25925925925926,28.07999999999996
2025-08-31T03:07:40Z,corso_IoT,ESP_LEOPIZZI,Lecce,Stanza,45.03092783505155,0.0,0.0,15.45360824742268,28.09587628865975
2025-08-31T03:09:50Z,corso_IoT,ESP_LEOPIZZI,Lecce,Stanza,45.09230769230778,0.0,0.0,15.685314685314683,28.09580419580414
2025-08-31T03:12:00Z,corso_IoT,ESP_LEOPIZZI,Lecce,Stanza,45.12911392405059,0.0,0.0,14.949367088607596,28.09999999999996
2025-08-31T03:14:10Z,corso_IoT,ESP_LEOPIZZI,Lecce,Stanza,45.08260869565223,0.0,0.0,15.485507246376812,28.099999999999937
2025-08-31T03:16:20Z,corso_IoT,ESP_LEOPIZZI,Lecce,Stanza,45.13142857142866,1.0714285714285714,0.0,15.5,28.102142857142795
2025-08-31T03:18:30Z,corso_IoT,ESP_LEOPIZZI,Lecce,Stanza,45.02020202020202,0.0,0.0,15.212121212121213,28.10202020202016
2025-08-31T03:20:40Z,corso_IoT,ESP_LEOPIZZI,Lecce,Stanza,44.95214285714274,1.4285714285714286,0.0,16.02857142857143,28.102142857142795
2025-08-31T03:22:50Z,corso_IoT,ESP_LEOPIZZI,Lecce,Stanza,44.903157894736886,0.0,0.0,15.326315789473684,28.09999999999995
2025-08-31T03:25:00Z,corso_IoT,ESP_LEOPIZZI,Lecce,Stanza,44.86642335766423,0.0,0.0,15.372262773722628,28.130656934306497
2025-08-31T03:27:10Z,corso_IoT,ESP_LEOPIZZI,Lecce,Stanza,44.90000000000004,0.0,0.0,15.082474226804123,28.10618556701026
2025-08-31T03:29:20Z,corso_IoT,ESP_LEOPIZZI,Lecce,Stanza,44.80514705882357,0.0,0.0,15.367647058823527,28.119852941176397
2025-08-31T03:31:30Z,corso_IoT,ESP_LEOPIZZI,Lecce,Stanza,44.833333333333314,0.0,0.0,15.55855855855856,28.101801801801745
2025-08-31T03:33:40Z,corso_IoT,ESP_LEOPIZZI,Lecce,Stanza,44.95744680851066,0.0,0.0,15.382978723404255,28.049645390070904
2025-08-31T03:35:50Z,corso_IoT,ESP_LEOPIZZI,Lecce,Stanza,44.98113207547171,0.0,0.0,15.12264150943396,28.07547169811315
2025-08-31T03:38:00Z,corso_IoT,ESP_LEOPIZZI,Lecce,Stanza,44.99510489510488,39.86013986013986,0.0,15.566433566433568,28.09790209790204
2025-08-31T03:40:10Z,corso_IoT,ESP_LEOPIZZI,Lecce,Stanza,44.98571428571428,36.26373626373626,0.0,15.604395604395604,28.07472527472523
2025-08-31T03:42:20Z,corso_IoT,ESP_LEOPIZZI,Lecce,Stanza,45.05958904109601,0.0,0.0,15.376712328767123,28.095890410958848
2025-08-31T03:44:30Z,corso_IoT,ESP_LEOPIZZI,Lecce,Stanza,45.01160714285716,0.0,0.0,15.151785714285714,28.099999999999945
2025-08-31T03:46:40Z,corso_IoT,ESP_LEOPIZZI,Lecce,Stanza,45.01531531531537,0.0,0.0,15.55855855855856,28.099999999999945
2025-08-31T03:48:50Z,corso_IoT,ESP_LEOPIZZI,Lecce,Stanza,45.037681159420345,0.0,0.0,15.333333333333334,28.099999999999937
2025-08-31T03:51:00Z,corso_IoT,ESP_LEOPIZZI,Lecce,Stanza,45.05212765957444,10.106382978723405,0.0,15.127659574468083,28.09999999999995
2025-08-31T03:53:10Z,corso_IoT,ESP_LEOPIZZI,Lecce,Stanza,45.052112676056446,0.0,0.0,15.429577464788732,28.097887323943603
2025-08-31T03:55:20Z,corso_IoT,ESP_LEOPIZZI,Lecce,Stanza,45.0765957446808,42.5531914893617,0.0,15.04255319148936,28.0351063829787
2025-08-31T03:57:30Z,corso_IoT,ESP_LEOPIZZI,Lecce,Stanza,45.18932038834944,0.0,0.0,15.611650485436892,28.0
2025-08-31T03:59:40Z,corso_IoT,ESP_LEOPIZZI,Lecce,Stanza,45.19191176470577,0.3676470588235294,0.0,15.382352941176473,28.0
2025-08-31T04:01:50Z,corso_IoT,ESP_LEOPIZZI,Lecce,Stanza,45.265384615384725,25.96153846153846,0.0,15.298076923076923,28.0
2025-08-31T04:04:00Z,corso_IoT,ESP_LEOPIZZI,Lecce,Stanza,45.30000000000011,1.0638297872340423,0.0,15.375886524822697,28.0
2025-08-31T04:06:10Z,corso_IoT,ESP_LEOPIZZI,Lecce,Stanza,45.33942307692307,0.0,0.0,15.923076923076923,28.0
2025-08-31T04:08:20Z,corso_IoT,ESP_LEOPIZZI,Lecce,Stanza,45.41319444444444,0.0,0.0,15.395833333333334,27.98333333333335
2025-08-31T04:10:30Z,corso_IoT,ESP_LEOPIZZI,Lecce,Stanza,45.55436893203884,0.0,0.0,15.359223300970871,27.9456310679612
2025-08-31T04:12:40Z,corso_IoT,ESP_LEOPIZZI,Lecce,Stanza,45.66054421768697,0.0,0.0,15.5578231292517,27.923129251700736
2025-08-31T04:14:50Z,corso_IoT,ESP_LEOPIZZI,Lecce,Stanza,45.70399999999995,0.0,0.0,15.25,27.90600000000005
2025-08-31T04:17:00Z,corso_IoT,ESP_LEOPIZZI,Lecce,Stanza,45.80000000000011,0.0,0.0,15.52054794520548,27.900000000000063
2025-08-31T04:19:10Z,corso_IoT,ESP_LEOPIZZI,Lecce,Stanza,45.891743119266046,0.0,0.0,15.81651376146789,27.90000000000005
2025-08-31T04:21:20Z,corso_IoT,ESP_LEOPIZZI,Lecce,Stanza,45.95815602836881,0.0,0.0,15.4822695035461,27.900000000000063
2025-08-31T04:23:30Z,corso_IoT,ESP_LEOPIZZI,Lecce,Stanza,46.0,0.0,0.0,15.171641791044776,27.90000000000006
2025-08-31T04:25:40Z,corso_IoT,ESP_LEOPIZZI,Lecce,Stanza,46.08019801980197,0.0,0.2136633663366335,15.287128712871286,27.90000000000005
2025-08-31T04:27:50Z,corso_IoT,ESP_LEOPIZZI,Lecce,Stanza,46.12978723404249,0.0,0.6239716312056728,15.326241134751774,27.900000000000063
2025-08-31T04:30:00Z,corso_IoT,ESP_LEOPIZZI,Lecce,Stanza,46.171323529411765,0.0,0.6835294117647048,15.183823529411764,27.900000000000063
2025-08-31T04:32:10Z,corso_IoT,ESP_LEOPIZZI,Lecce,Stanza,46.11899999999999,0.0,0.672299999999999,15.42,27.90000000000005
2025-08-31T04:34:20Z,corso_IoT,ESP_LEOPIZZI,Lecce,Stanza,46.162411347517605,0.0,0.7887943262411334,15.687943262411348,27.900000000000063
2025-08-31T04:36:30Z,corso_IoT,ESP_LEOPIZZI,Lecce,Stanza,46.21935483870966,0.0,0.8299999999999987,14.989247311827956,27.90000000000005
2025-08-31T04:38:40Z,corso_IoT,ESP_LEOPIZZI,Lecce,Stanza,46.2573529411764,0.0,0.8299999999999988,14.426470588235292,27.900000000000038
2025-08-31T04:40:50Z,corso_IoT,ESP_LEOPIZZI,Lecce,Stanza,46.34891304347828,0.0,0.8299999999999987,15.315217391304348,27.89782608695657
2025-08-31T04:43:00Z,corso_IoT,ESP_LEOPIZZI,Lecce,Stanza,46.39718309859144,0.0,1.0547887323943643,15.485915492957746,27.89366197183104
2025-08-31T04:45:10Z,corso_IoT,ESP_LEOPIZZI,Lecce,Stanza,46.38775510204083,0.0,1.5585714285714278,15.040816326530612,27.90000000000005
2025-08-31T04:47:20Z,corso_IoT,ESP_LEOPIZZI,Lecce,Stanza,46.34864864864861,0.0,1.618918918918914,15.45945945945946,27.90000000000006
2025-08-31T04:49:30Z,corso_IoT,ESP_LEOPIZZI,Lecce,Stanza,46.40000000000005,0.0,1.669999999999999,15.054945054945057,27.900000000000045
2025-08-31T04:51:40Z,corso_IoT,ESP_LEOPIZZI,Lecce,Stanza,46.39999999999991,0.0,2.1425547445255466,15.313868613138686,27.900000000000063
2025-08-31T04:53:50Z,corso_IoT,ESP_LEOPIZZI,Lecce,Stanza,46.40000000000004,0.0,5.814456521739126,14.956521739130435,27.900000000000045
2025-08-31T04:56:00Z,corso_IoT,ESP_LEOPIZZI,Lecce,Stanza,46.3842857142857,0.0,12.297714285714283,15.442857142857145,27.915714285714333
2025-08-31T04:58:10Z,corso_IoT,ESP_LEOPIZZI,Lecce,Stanza,46.35729166666675,0.0,19.58333333333333,14.958333333333334,27.94270833333336
2025-08-31T05:00:20Z,corso_IoT,ESP_LEOPIZZI,Lecce,Stanza,46.28761904761906,0.0,27.15904761904761,14.99047619047619,27.997142857142855
2025-08-31T05:02:30Z,corso_IoT,ESP_LEOPIZZI,Lecce,Stanza,46.366438356164274,0.0,29.281986301369887,15.397260273972602,27.99794520547945
2025-08-31T05:04:40Z,corso_IoT,ESP_LEOPIZZI,Lecce,Stanza,46.403448275862125,0.0,29.96183908045977,15.10344827586207,28.0
2025-08-31T05:06:50Z,corso_IoT,ESP_LEOPIZZI,Lecce,Stanza,46.3999999999999,0.0,30.058450704225347,15.69718309859155,28.03873239436616
2025-08-31T05:09:00Z,corso_IoT,ESP_LEOPIZZI,Lecce,Stanza,46.45052631578948,0.0,30.51547368421049,14.989473684210529,28.09999999999995
2025-08-31T05:11:10Z,corso_IoT,ESP_LEOPIZZI,Lecce,Stanza,46.382352941176464,0.0,29.963382352941185,15.573529411764708,28.099999999999937
2025-08-31T05:13:20Z,corso_IoT,ESP_LEOPIZZI,Lecce,Stanza,46.4044444444445,0.0,28.98344444444445,15.27777777777778,28.151111111111085
2025-08-31T05:15:30Z,corso_IoT,ESP_LEOPIZZI,Lecce,Stanza,46.44632352941176,0.0,27.329117647058844,15.073529411764708,28.20220588235288
2025-08-31T05:17:40Z,corso_IoT,ESP_LEOPIZZI,Lecce,Stanza,46.54210526315786,0.0,25.66726315789473,15.273684210526316,28.19999999999998
2025-08-31T05:19:50Z,corso_IoT,ESP_LEOPIZZI,Lecce,Stanza,46.55616438356165,0.0,22.962397260273967,15.60958904109589,28.24041095890416
2025-08-31T05:22:00Z,corso_IoT,ESP_LEOPIZZI,Lecce,Stanza,46.47553191489365,0.0,20.55010638297874,15.5,28.296808510638314
2025-08-31T05:24:10Z,corso_IoT,ESP_LEOPIZZI,Lecce,Stanza,46.5147286821706,0.0,18.429922480620128,15.224806201550388,28.30000000000006
2025-08-31T05:26:20Z,corso_IoT,ESP_LEOPIZZI,Lecce,Stanza,46.5214876033058,0.0,17.040330578512428,15.074380165289256,28.30000000000005
2025-08-31T05:28:30Z,corso_IoT,ESP_LEOPIZZI,Lecce,Stanza,46.57395833333331,0.0,15.961458333333324,15.5,28.32291666666669
2025-08-31T05:30:40Z,corso_IoT,ESP_LEOPIZZI,Lecce,Stanza,46.66642857142848,0.0,15.083000000000006,15.621428571428572,28.34714285714292
2025-08-31T05:32:50Z,corso_IoT,ESP_LEOPIZZI,Lecce,Stanza,46.60265486725665,0.0,14.073097345132748,15.336283185840708,28.304424778761103
2025-08-31T05:35:00Z,corso_IoT,ESP_LEOPIZZI,Lecce,Stanza,46.66214285714275,0.0,13.282714285714269,15.385714285714286,28.30428571428579
2025-08-31T05:37:10Z,corso_IoT,ESP_LEOPIZZI,Lecce,Stanza,46.722222222222165,0.0,13.330000000000014,14.92063492063492,28.29999999999997
2025-08-31T05:39:20Z,corso_IoT,ESP_LEOPIZZI,Lecce,Stanza,46.73851851851845,0.0,13.32999999999998,15.25925925925926,28.305925925925987
2025-08-31T05:41:30Z,corso_IoT,ESP_LEOPIZZI,Lecce,Stanza,46.7969465648856,1.1450381679389312,13.152595419847325,15.36641221374046,28.34045801526721
2025-08-31T05:43:40Z,corso_IoT,ESP_LEOPIZZI,Lecce,Stanza,46.80842105263163,0.0,12.491263157894736,14.884210526315789,28.40000000000005
2025-08-31T05:45:50Z,corso_IoT,ESP_LEOPIZZI,Lecce,Stanza,46.88827586206893,0.0,12.454,15.393103448275864,28.39793103448282
2025-08-31T05:48:00Z,corso_IoT,ESP_LEOPIZZI,Lecce,Stanza,46.99,0.0,12.296000000000008,15.272727272727272,28.398181818181875
2025-08-31T05:50:10Z,corso_IoT,ESP_LEOPIZZI,Lecce,Stanza,47.0,0.0,11.675971223021598,15.266187050359711,28.3964028776979
2025-08-31T05:52:20Z,corso_IoT,ESP_LEOPIZZI,Lecce,Stanza,47.10198019801972,0.0,11.603465346534652,15.316831683168315,28.40000000000005
2025-08-31T05:54:30Z,corso_IoT,ESP_LEOPIZZI,Lecce,Stanza,47.19999999999988,0.0,10.953776223776211,16.034965034965033,28.400000000000063
2025-08-31T05:56:40Z,corso_IoT,ESP_LEOPIZZI,Lecce,Stanza,47.15596330275219,0.0,10.14467889908257,15.8348623853211,28.40000000000005
2025-08-31T05:58:50Z,corso_IoT,ESP_LEOPIZZI,Lecce,Stanza,47.15217391304344,0.0,9.22358695652173,15.347826086956522,28.447826086956525
2025-08-31T06:01:00Z,corso_IoT,ESP_LEOPIZZI,Lecce,Stanza,47.20863309352509,0.0,8.360431654676267,15.302158273381297,28.400000000000063
2025-08-31T06:03:10Z,corso_IoT,ESP_LEOPIZZI,Lecce,Stanza,47.30000000000008,0.0,7.815760869565217,15.641304347826088,28.400000000000045
2025-08-31T06:05:20Z,corso_IoT,ESP_LEOPIZZI,Lecce,Stanza,47.38840579710136,0.0,7.012826086956503,15.76086956521739,28.400000000000063
2025-08-31T06:07:30Z,corso_IoT,ESP_LEOPIZZI,Lecce,Stanza,47.47226890756304,0.0,6.549999999999996,15.873949579831931,28.400000000000052
2025-08-31T06:09:40Z,corso_IoT,ESP_LEOPIZZI,Lecce,Stanza,47.53368421052632,0.0,5.821263157894736,15.8,28.40000000000005
2025-08-31T06:11:50Z,corso_IoT,ESP_LEOPIZZI,Lecce,Stanza,47.6000000000001,0.0,5.73063380281691,15.73943661971831,28.400000000000063
2025-08-31T06:14:00Z,corso_IoT,ESP_LEOPIZZI,Lecce,Stanza,47.60631578947365,0.0,5.375684210526315,15.652631578947368,28.43894736842107
2025-08-31T06:16:10Z,corso_IoT,ESP_LEOPIZZI,Lecce,Stanza,47.649645390070894,0.0,5.0,15.75886524822695,28.49858156028369
2025-08-31T06:18:20Z,corso_IoT,ESP_LEOPIZZI,Lecce,Stanza,47.70515463917519,0.0,5.0,15.65979381443299,28.5
2025-08-31T06:20:30Z,corso_IoT,ESP_LEOPIZZI,Lecce,Stanza,47.81594202898543,0.0,5.0,15.652173913043478,28.497826086956525
2025-08-31T06:22:40Z,corso_IoT,ESP_LEOPIZZI,Lecce,Stanza,47.92857142857146,0.0,5.0,15.944444444444445,28.4920634920635
2025-08-31T06:24:50Z,corso_IoT,ESP_LEOPIZZI,Lecce,Stanza,48.092372881355935,0.423728813559322,4.992966101694915,15.88135593220339,28.47033898305087
2025-08-31T06:27:00Z,corso_IoT,ESP_LEOPIZZI,Lecce,Stanza,48.11347517730508,0.0,4.95290780141844,15.418439716312056,28.48652482269504
2025-08-31T06:29:10Z,corso_IoT,ESP_LEOPIZZI,Lecce,Stanza,48.20602409638557,0.0,4.870000000000001,15.397590361445785,28.5
2025-08-31T06:31:20Z,corso_IoT,ESP_LEOPIZZI,Lecce,Stanza,48.33108108108103,35.13513513513514,4.859797297297295,15.56081081081081,28.5
2025-08-31T06:33:30Z,corso_IoT,ESP_LEOPIZZI,Lecce,Stanza,48.49519230769231,37.01923076923077,4.832403846153847,16.057692307692307,28.5
2025-08-31T06:35:40Z,corso_IoT,ESP_LEOPIZZI,Lecce,Stanza,48.54035087719306,0.0,4.876228070175437,15.429824561403509,28.5
2025-08-31T06:37:50Z,corso_IoT,ESP_LEOPIZZI,Lecce,Stanza,48.60142857142867,0.0,4.845857142857141,15.607142857142858,28.5
2025-08-31T06:40:00Z,corso_IoT,ESP_LEOPIZZI,Lecce,Stanza,48.69999999999994,0.0,4.805974025974026,15.87012987012987,28.5
2025-08-31T06:42:10Z,corso_IoT,ESP_LEOPIZZI,Lecce,Stanza,48.76482758620701,0.0,4.919862068965516,15.434482758620687,28.5
2025-08-31T06:44:20Z,corso_IoT,ESP_LEOPIZZI,Lecce,Stanza,48.80000000000012,0.0,4.901629629629629,15.555555555555555,28.5
2025-08-31T06:46:30Z,corso_IoT,ESP_LEOPIZZI,Lecce,Stanza,48.88348623853209,0.0,4.870550458715596,15.30275229357798,28.5
2025-08-31T06:48:40Z,corso_IoT,ESP_LEOPIZZI,Lecce,Stanza,49.03521126760574,0.0,4.959084507042254,15.570422535211268,28.5
2025-08-31T06:50:50Z,corso_IoT,ESP_LEOPIZZI,Lecce,Stanza,49.07802197802195,0.0,4.917912087912089,15.197802197802195,28.5
2025-08-31T06:53:00Z,corso_IoT,ESP_LEOPIZZI,Lecce,Stanza,49.11458333333337,0.0,5.0,15.82638888888889,28.5
2025-08-31T06:55:10Z,corso_IoT,ESP_LEOPIZZI,Lecce,Stanza,49.13666666666665,0.0,5.0,15.411111111111111,28.5
2025-08-31T06:57:20Z,corso_IoT,ESP_LEOPIZZI,Lecce,Stanza,49.09712230215838,0.0,5.0,15.597122302158274,28.5
2025-08-31T06:59:30Z,corso_IoT,ESP_LEOPIZZI,Lecce,Stanza,49.12575757575757,0.0,5.0,15.348484848484848,28.48636363636365
2025-08-31T07:01:40Z,corso_IoT,ESP_LEOPIZZI,Lecce,Stanza,49.23604651162796,0.0,5.0,14.744186046511627,28.463953488372127
2025-08-31T07:03:50Z,corso_IoT,ESP_LEOPIZZI,Lecce,Stanza,49.17777777777776,0.0,5.4887777777777735,15.78888888888889,28.492222222222225
2025-08-31T07:06:00Z,corso_IoT,ESP_LEOPIZZI,Lecce,Stanza,49.21805555555554,0.0,5.806944444444457,15.72222222222222,28.5
2025-08-31T07:08:10Z,corso_IoT,ESP_LEOPIZZI,Lecce,Stanza,49.3177570093458,0.0,5.830000000000004,15.355140186915888,28.5
2025-08-31T07:10:20Z,corso_IoT,ESP_LEOPIZZI,Lecce,Stanza,49.35223880597006,20.52238805970149,5.7866417910447865,15.582089552238806,28.5
2025-08-31T07:12:30Z,corso_IoT,ESP_LEOPIZZI,Lecce,Stanza,49.37326732673274,46.53465346534654,5.690297029702972,15.217821782178218,28.5
2025-08-31T07:14:40Z,corso_IoT,ESP_LEOPIZZI,Lecce,Stanza,49.36041666666656,0.0,5.830000000000013,15.541666666666666,28.5
2025-08-31T07:16:50Z,corso_IoT,ESP_LEOPIZZI,Lecce,Stanza,49.41830985915488,0.0,5.8300000000000125,15.359154929577464,28.5
2025-08-31T07:19:00Z,corso_IoT,ESP_LEOPIZZI,Lecce,Stanza,49.5,0.0,5.829999999999996,15.465909090909092,28.5
2025-08-31T07:21:10Z,corso_IoT,ESP_LEOPIZZI,Lecce,Stanza,49.50863309352519,0.0,5.824028776978429,15.762589928057556,28.5
2025-08-31T07:23:20Z,corso_IoT,ESP_LEOPIZZI,Lecce,Stanza,49.5372881355932,0.0,5.738559322033904,15.830508474576272,28.54999999999996
2025-08-31T07:25:30Z,corso_IoT,ESP_LEOPIZZI,Lecce,Stanza,49.59310344827583,5.747126436781609,5.515172413793099,15.114942528735632,28.596551724137885
2025-08-31T07:27:40Z,corso_IoT,ESP_LEOPIZZI,Lecce,Stanza,49.63758865248228,0.0,5.8300000000000125,15.74468085106383,28.57092198581556
2025-08-31T07:29:50Z,corso_IoT,ESP_LEOPIZZI,Lecce,Stanza,49.45,2.272727272727273,5.716363636363635,14.5,28.50909090909091
